date,Time.of.Issue,Form,Method,Issue,Zip
08/17/2016,6:11 am,Phone,Wireless (cell phone/other mobile device),Telemarketing (including do not call and spoofing),85142
08/17/2016,9:38 a.m.,Phone,Wired,Telemarketing (including do not call and spoofing),20170
08/17/2016,9:07 am,Phone,Wireless (cell phone/other mobile device),Robocalls,69101
08/17/2016,8:21 a.m.,Phone,Internet (VOIP),Robocalls,80920
08/17/2016,9:00 a.m.,Phone,Wireless (cell phone/other mobile device),Telemarketing (including do not call and spoofing),80905
08/17/2016,10:45 am,Phone,Wired,Telemarketing (including do not call and spoofing),76226
08/17/2016,12:52 pm,Phone,Wired,Robocalls,30338
08/14/2016,2:22 A.M.,Phone,Wireless (cell phone/other mobile device),Telemarketing (including do not call and spoofing),11201
08/17/2016,11:16 AM,Phone,Wired,Telemarketing (including do not call and spoofing),75758
08/17/2016,10:00 am,Phone,Wireless (cell phone/other mobile device),Robocalls,60060
08/17/2016,8:00 a.m.,Phone,Wired,Telemarketing (including do not call and spoofing),94534
08/17/2016,10:41 a.m.,Phone,Internet (VOIP),Robocalls,98516
08/17/2016,1:30 P.M.,Phone,Wireless (cell phone/other mobile device),Robocalls,47564
08/17/2016,12:25 pm,Phone,Wireless (cell phone/other mobile device),Telemarketing (including do not call and spoofing),90039
07/09/2016,3:16 pm,Phone,Wired,Telemarketing (including do not call and spoofing),0
08/17/2016,1:19 pm,Phone,Wired,Telemarketing (including do not call and spoofing),7444
08/09/2016,11:02 am,Phone,Wired,Robocalls,27529
08/17/2016,6:48 p.m.,Phone,Wired,Telemarketing (including do not call and spoofing),20854
08/17/2016,7:15 p.m.,Phone,Internet (VOIP),Telemarketing (including do not call and spoofing),37804
08/17/2016,7:25 pm,Phone,Wireless (cell phone/other mobile device),Telemarketing (including do not call and spoofing),54720
08/16/2016,12:55 p.m.,Phone,Wireless (cell phone/other mobile device),Robocalls,35051
08/17/2016,NA,Phone,Wired,Robocalls,26508
08/17/2016,8:05 p.m.,Phone,Wireless (cell phone/other mobile device),Telemarketing (including do not call and spoofing),61520
08/17/2016,1:25 pm,Phone,Wireless (cell phone/other mobile device),Telemarketing (including do not call and spoofing),47331
08/17/2016,9:15 p.m.,Phone,Wired,Robocalls,34786
08/17/2016,9:23 p.m.,Phone,Wired,Telemarketing (including do not call and spoofing),34787
08/17/2016,3:19 pm,Phone,Wired,Telemarketing (including do not call and spoofing),0
08/13/2016,2:03 pm,Phone,Wired,Telemarketing (including do not call and spoofing),0
08/17/2016,9:28 pm,Phone,Wired,Telemarketing (including do not call and spoofing),73507
07/25/2016,11:29 am,Phone,Wired,Telemarketing (including do not call and spoofing),0
07/07/2016,10:10 am,Phone,Wired,Telemarketing (including do not call and spoofing),0
08/17/2016,9:18 P.M.,Phone,Wireless (cell phone/other mobile device),Robocalls,95841
07/06/2016,5:20 pm,Phone,Wired,Telemarketing (including do not call and spoofing),0
09/07/2016,3:29 pm,Phone,Wireless (cell phone/other mobile device),Telemarketing (including do not call and spoofing),30052
09/02/2016,2:48 PM,Phone,Wireless (cell phone/other mobile device),Telemarketing (including do not call and spoofing),46613
09/07/2016,NA,Phone,Wireless (cell phone/other mobile device),Telemarketing (including do not call and spoofing),46613
09/07/2016,10:06 AM,Phone,Wireless (cell phone/other mobile device),Telemarketing (including do not call and spoofing),46613
09/08/2016,NA,Phone,Wireless (cell phone/other mobile device),Telemarketing (including do not call and spoofing),29418
09/07/2016,5:13 pm,Phone,Wired,Telemarketing (including do not call and spoofing),21131
09/08/2016,8:02 am,Phone,Wireless (cell phone/other mobile device),Telemarketing (including do not call and spoofing),5401
08/02/2016,NA,Phone,Wireless (cell phone/other mobile device),Telemarketing (including do not call and spoofing),11756
08/18/2016,12:30 p.m.,Phone,Wired,Robocalls,55124
09/07/2016,1:00 pm,Phone,Wired,Telemarketing (including do not call and spoofing),22847
09/07/2016,9:22 am,Phone,Wireless (cell phone/other mobile device),Robocalls,21093
07/26/2016,3:04 P.M.,Phone,Wired,Telemarketing (including do not call and spoofing),20901
07/19/2016,4:30 p.m.,Phone,Wired,Robocalls,6074
07/26/2016,10:14 A.M.,Phone,Internet (VOIP),Telemarketing (including do not call and spoofing),2184
07/27/2016,9:20 am,Phone,Wireless (cell phone/other mobile device),Telemarketing (including do not call and spoofing),30306
07/25/2016,5:10 A.M.,Phone,Wireless (cell phone/other mobile device),Telemarketing (including do not call and spoofing),99517
07/27/2016,9:45 am,Phone,Wireless (cell phone/other mobile device),Telemarketing (including do not call and spoofing),2136
07/25/2016,10:47 a.m.,Phone,Wired,Robocalls,20852
07/27/2016,9:45 a.m.,Phone,Wired,Telemarketing (including do not call and spoofing),22030
07/27/2016,10:06 AM,Phone,Wireless (cell phone/other mobile device),Robocalls,7030
07/27/2016,10:00 a.m.,Phone,Wired,Robocalls,33569
07/27/2016,10:00 am,Phone,Wired,Telemarketing (including do not call and spoofing),23168
07/27/2016,9:45 am,Phone,Wireless (cell phone/other mobile device),Telemarketing (including do not call and spoofing),33716
07/05/2016,12:17 p.m.,Phone,Wireless (cell phone/other mobile device),Robocalls,34120
07/22/2016,12:10 pm,Phone,Wired,Robocalls,46038
07/27/2016,9:24 am,Phone,Wired,Telemarketing (including do not call and spoofing),45440
07/27/2016,9:21 AM,Phone,Wireless (cell phone/other mobile device),Telemarketing (including do not call and spoofing),37221
07/27/2016,10:13 am,Phone,Wireless (cell phone/other mobile device),Telemarketing (including do not call and spoofing),20744
07/27/2016,9:25 am,Phone,Wireless (cell phone/other mobile device),Robocalls,55104
07/26/2016,2:53 PM,Phone,Wireless (cell phone/other mobile device),Telemarketing (including do not call and spoofing),78721
07/27/2016,10:30 am,Phone,Wireless (cell phone/other mobile device),Telemarketing (including do not call and spoofing),19038
07/27/2016,10:22 a.m.,Phone,Wireless (cell phone/other mobile device),Robocalls,8527
07/27/2016,9:20 a.m.,Phone,Wireless (cell phone/other mobile device),Telemarketing (including do not call and spoofing),37087
07/27/2016,9:45 AM,Phone,Wired,Telemarketing (including do not call and spoofing),32446
07/26/2016,5:19 pm,Phone,Wired,Robocalls,45458
07/27/2016,9:28 p.m.,Phone,Wireless (cell phone/other mobile device),Telemarketing (including do not call and spoofing),77007
07/15/2016,5:25 p.m.,Phone,Wireless (cell phone/other mobile device),Telemarketing (including do not call and spoofing),77007
07/27/2016,10:45 am,Phone,Wireless (cell phone/other mobile device),Telemarketing (including do not call and spoofing),30115
07/26/2016,4:27 p.m.,Phone,Wireless (cell phone/other mobile device),Telemarketing (including do not call and spoofing),11205
07/27/2016,11:00 am,Phone,Wireless (cell phone/other mobile device),Telemarketing (including do not call and spoofing),20714
07/08/2016,3:25 pm,Phone,Wireless (cell phone/other mobile device),Telemarketing (including do not call and spoofing),77007
07/27/2016,10:37 am,Phone,Wired,Robocalls,7748
07/27/2016,11:06 am,Phone,Wireless (cell phone/other mobile device),Robocalls,7747
07/27/2016,10:15 am,Phone,Wired,Telemarketing (including do not call and spoofing),20868
07/27/2016,9:56 a.m.,Phone,Wireless (cell phone/other mobile device),Telemarketing (including do not call and spoofing),39130
07/27/2016,10:00 AM,Phone,Wired,Telemarketing (including do not call and spoofing),21150
07/27/2016,8:00 AM,Phone,Wireless (cell phone/other mobile device),Telemarketing (including do not call and spoofing),94536
07/27/2016,9:08 am,Phone,Wireless (cell phone/other mobile device),Robocalls,80919
07/26/2016,5:15 P.M.,Phone,Wireless (cell phone/other mobile device),Telemarketing (including do not call and spoofing),75098
07/27/2016,11:05 am,Phone,Internet (VOIP),Telemarketing (including do not call and spoofing),28714
07/27/2016,10:15 am,Phone,Wireless (cell phone/other mobile device),Robocalls,42104
07/27/2016,11:20 a.m.,Phone,Wireless (cell phone/other mobile device),Telemarketing (including do not call and spoofing),31088
09/08/2016,9:21 a.m.,Phone,Wired,Robocalls,2534
07/27/2016,10:33 AM,Phone,Wireless (cell phone/other mobile device),Robocalls,1028
07/27/2016,10:44 am,Phone,Wired,Telemarketing (including do not call and spoofing),48316
07/27/2016,11:18 a.m.,Phone,Wireless (cell phone/other mobile device),Robocalls,20005
07/27/2016,10:13 am,Phone,Wireless (cell phone/other mobile device),Robocalls,74135
07/27/2016,9:20 am,Phone,Internet (VOIP),Telemarketing (including do not call and spoofing),83709
07/27/2016,9:00 am,Phone,Wireless (cell phone/other mobile device),Robocalls,10940
07/26/2016,10:32 am,Phone,Wireless (cell phone/other mobile device),Telemarketing (including do not call and spoofing),30022
07/27/2016,9:45 am,Phone,Wireless (cell phone/other mobile device),Telemarketing (including do not call and spoofing),30017
07/26/2016,NA,Phone,Wired,Robocalls,1886
07/25/2016,9:03 A.M.,Phone,Wireless (cell phone/other mobile device),Telemarketing (including do not call and spoofing),80919
07/27/2016,11:30 am,Phone,Wireless (cell phone/other mobile device),Telemarketing (including do not call and spoofing),60544
07/27/2016,8:08 am,Phone,Internet (VOIP),Telemarketing (including do not call and spoofing),85083
07/27/2016,8:00 AM,Phone,Wireless (cell phone/other mobile device),Telemarketing (including do not call and spoofing),93389
07/27/2016,11:30 am,Phone,Wireless (cell phone/other mobile device),Telemarketing (including do not call and spoofing),44041
07/27/2016,10:30 am,Phone,Wired,Telemarketing (including do not call and spoofing),66212
07/27/2016,9:10 am,Phone,Wireless (cell phone/other mobile device),Telemarketing (including do not call and spoofing),85203
07/27/2016,11:15 am,Phone,Wireless (cell phone/other mobile device),Telemarketing (including do not call and spoofing),75070
07/21/2016,12:04 PM,Phone,Wired,Robocalls,92881
07/27/2016,10:20 am,Phone,Wired,Telemarketing (including do not call and spoofing),19010
07/20/2016,NA,Phone,Wireless (cell phone/other mobile device),Telemarketing (including do not call and spoofing),33602
07/27/2016,11:00 am,Phone,Wireless (cell phone/other mobile device),Telemarketing (including do not call and spoofing),75025
07/27/2016,9:32 a.m.,Phone,Wireless (cell phone/other mobile device),Telemarketing (including do not call and spoofing),89139
07/27/2016,9:46 am,Phone,Wired,Telemarketing (including do not call and spoofing),98033
07/27/2016,12:07 PM,Phone,Internet (VOIP),Telemarketing (including do not call and spoofing),33467
07/27/2016,11:30 am,Phone,Wireless (cell phone/other mobile device),Robocalls,74135
07/27/2016,12:51 PM,Phone,Wireless (cell phone/other mobile device),Robocalls,45218
07/27/2016,9:43 am,Phone,Wireless (cell phone/other mobile device),Telemarketing (including do not call and spoofing),95125
07/27/2016,NA,Phone,Wireless (cell phone/other mobile device),Robocalls,20676
07/27/2016,11:30 am,Phone,Wired,Telemarketing (including do not call and spoofing),38024
07/27/2016,11:55 am,Phone,Wireless (cell phone/other mobile device),Telemarketing (including do not call and spoofing),73071
07/27/2016,1:00 pm,Phone,Wired,Telemarketing (including do not call and spoofing),21703
07/27/2016,9:56 am,Phone,Wireless (cell phone/other mobile device),Telemarketing (including do not call and spoofing),97223
07/27/2016,NA,Phone,Wireless (cell phone/other mobile device),Robocalls,10025
07/27/2016,1:02 p.m.,Phone,Wireless (cell phone/other mobile device),Telemarketing (including do not call and spoofing),37917
07/27/2016,10:16 am,Phone,Wireless (cell phone/other mobile device),Telemarketing (including do not call and spoofing),77447
07/27/2016,1:09 p.m.,Phone,Wireless (cell phone/other mobile device),Robocalls,24018
07/27/2016,1:00 pm,Phone,Wireless (cell phone/other mobile device),Robocalls,32226
07/27/2016,1:10 pm,Phone,Wireless (cell phone/other mobile device),Telemarketing (including do not call and spoofing),33467
07/27/2016,12:00 p.m.,Phone,Wireless (cell phone/other mobile device),Robocalls,60098
07/27/2016,1:15 P.M.,Phone,Wireless (cell phone/other mobile device),Robocalls,773
07/27/2016,12:08 PM,Phone,Wireless (cell phone/other mobile device),Telemarketing (including do not call and spoofing),77833
07/27/2016,11:20 p.m.,Phone,Wireless (cell phone/other mobile device),Telemarketing (including do not call and spoofing),87110
07/27/2016,10:00 AM,Phone,Wired,Robocalls,34482
07/27/2016,12:15 pm,Phone,Wireless (cell phone/other mobile device),Telemarketing (including do not call and spoofing),38138
07/27/2016,12:41 pm,Phone,Wired,Telemarketing (including do not call and spoofing),34232
07/25/2016,1:30 p.m.,Phone,Wireless (cell phone/other mobile device),Robocalls,23502
07/27/2016,1:00 pm,Phone,Internet (VOIP),Telemarketing (including do not call and spoofing),19145
07/27/2016,12:57 pm,Phone,Wireless (cell phone/other mobile device),Telemarketing (including do not call and spoofing),32137
07/27/2016,1:40 pm,Phone,Wireless (cell phone/other mobile device),Robocalls,21136
07/26/2016,11:56 am,Phone,Wireless (cell phone/other mobile device),Robocalls,3045
07/27/2016,1:15 pm,Phone,Wired,Telemarketing (including do not call and spoofing),5404
07/27/2016,11:48 am,Phone,Wired,Telemarketing (including do not call and spoofing),75028
07/27/2016,1:51 pm,Phone,Wireless (cell phone/other mobile device),Robocalls,7928
07/27/2016,10:50 am,Phone,Wireless (cell phone/other mobile device),Telemarketing (including do not call and spoofing),95134
07/25/2016,3:00 pm,Phone,Wireless (cell phone/other mobile device),Telemarketing (including do not call and spoofing),88201
07/27/2016,12:51 PM,Phone,Wireless (cell phone/other mobile device),Telemarketing (including do not call and spoofing),76022
07/27/2016,9:11 a.m.,Phone,Wireless (cell phone/other mobile device),Telemarketing (including do not call and spoofing),93424
07/25/2016,11:00 am,Phone,Wireless (cell phone/other mobile device),Telemarketing (including do not call and spoofing),20830
07/27/2016,2:10 pm,Phone,Wireless (cell phone/other mobile device),Telemarketing (including do not call and spoofing),10994
07/27/2016,11:05 am,Phone,Wired,Telemarketing (including do not call and spoofing),92198
07/27/2016,10:56 a.m.,Phone,Wireless (cell phone/other mobile device),Robocalls,95110
07/27/2016,1:54 p.m.,Phone,Wireless (cell phone/other mobile device),Telemarketing (including do not call and spoofing),20175
07/27/2016,11:55 am,Phone,Wireless (cell phone/other mobile device),Telemarketing (including do not call and spoofing),83616
07/27/2016,12:00 pm,Phone,Wireless (cell phone/other mobile device),Telemarketing (including do not call and spoofing),36420
07/27/2016,1:43 pm,Phone,Wireless (cell phone/other mobile device),Telemarketing (including do not call and spoofing),42701
07/27/2016,11:00 am,Phone,Wireless (cell phone/other mobile device),Telemarketing (including do not call and spoofing),94706
07/27/2016,11:20 am,Phone,Wireless (cell phone/other mobile device),Telemarketing (including do not call and spoofing),85301
07/27/2016,2:20 p.m.,Phone,Wireless (cell phone/other mobile device),Robocalls,43212
07/27/2016,2:03 p.m.,Phone,Wired,Telemarketing (including do not call and spoofing),2360
07/27/2016,NA,Phone,Wired,Robocalls,55008
07/27/2016,2:30 p.m.,Phone,Wireless (cell phone/other mobile device),Telemarketing (including do not call and spoofing),30339
07/27/2016,10:00 am,Phone,Wireless (cell phone/other mobile device),Telemarketing (including do not call and spoofing),98116
07/27/2016,1:31 PM,Phone,Wireless (cell phone/other mobile device),Robocalls,35207
07/23/2016,12:32 pm,Phone,Internet (VOIP),Telemarketing (including do not call and spoofing),92705
07/27/2016,11:12 a.m.,Phone,Wireless (cell phone/other mobile device),Robocalls,77868
07/27/2016,11:00 am,Phone,Wireless (cell phone/other mobile device),Telemarketing (including do not call and spoofing),92646
07/27/2016,2:40 p.m.,Phone,Wireless (cell phone/other mobile device),Telemarketing (including do not call and spoofing),8618
07/27/2016,2:41 PM,Phone,Wired,Telemarketing (including do not call and spoofing),6259
07/27/2016,11:48 am,Phone,Wired,Robocalls,91730
07/27/2016,3:00 pm,Phone,Wired,Robocalls,20007
07/27/2016,2:50 pm,Phone,Wireless (cell phone/other mobile device),Telemarketing (including do not call and spoofing),22151
07/27/2016,1:38 PM,Phone,Wireless (cell phone/other mobile device),Robocalls,46324
07/27/2016,12:00 pm,Phone,Wireless (cell phone/other mobile device),Telemarketing (including do not call and spoofing),95123
07/27/2016,1:02 pm,Phone,Wireless (cell phone/other mobile device),Telemarketing (including do not call and spoofing),79912
07/27/2016,1:30 pm,Phone,Wireless (cell phone/other mobile device),Telemarketing (including do not call and spoofing),60123
07/27/2016,3:11 pm,Phone,Wireless (cell phone/other mobile device),Robocalls,45039
09/08/2016,8:44 a.m.,Phone,Wireless (cell phone/other mobile device),Telemarketing (including do not call and spoofing),21784
07/27/2016,2:52 pm,Phone,Wireless (cell phone/other mobile device),Telemarketing (including do not call and spoofing),32832
07/27/2016,3:15 p.m.,Phone,Wireless (cell phone/other mobile device),Telemarketing (including do not call and spoofing),30030
07/27/2016,2:10 p.m.,Phone,Wireless (cell phone/other mobile device),Telemarketing (including do not call and spoofing),68123
07/27/2016,1:00 pm,Phone,Wireless (cell phone/other mobile device),Telemarketing (including do not call and spoofing),67601
09/08/2016,9:32 am,Phone,Wireless (cell phone/other mobile device),Robocalls,29405
08/16/2016,4:32 pm,Phone,Wireless (cell phone/other mobile device),Telemarketing (including do not call and spoofing),20005
07/27/2016,2:29 pm,Phone,Wireless (cell phone/other mobile device),Telemarketing (including do not call and spoofing),33544
07/27/2016,2:10 pm,Phone,Wired,Telemarketing (including do not call and spoofing),76182
07/27/2016,2:00 pm,Phone,Wireless (cell phone/other mobile device),Telemarketing (including do not call and spoofing),21784
07/25/2016,3:30 p.m.,Phone,Wired,Telemarketing (including do not call and spoofing),70546
09/08/2016,9:19 a.m.,Phone,Wired,Robocalls,33449
09/08/2016,9:3 A.M.,Phone,Wireless (cell phone/other mobile device),Telemarketing (including do not call and spoofing),15068
09/08/2016,9:40 am,Phone,Wireless (cell phone/other mobile device),Robocalls,1440
07/27/2016,2:00 pm,Phone,Wired,Telemarketing (including do not call and spoofing),71635
07/27/2016,9:50 am,Phone,Wired,Telemarketing (including do not call and spoofing),85082
07/27/2016,12:15 PM,Phone,Wireless (cell phone/other mobile device),Robocalls,93704
07/27/2016,9:59 am,Phone,Wireless (cell phone/other mobile device),Robocalls,98407
07/27/2016,3:20 pm,Phone,Wired,Telemarketing (including do not call and spoofing),43085
07/27/2016,2:22 PM,Phone,Wired,Telemarketing (including do not call and spoofing),75001
07/27/2016,2:34 p.m.,Phone,Wired,Telemarketing (including do not call and spoofing),35040
07/27/2016,NA,Phone,Wired,Telemarketing (including do not call and spoofing),33704
07/27/2016,3:33 pm,Phone,Wireless (cell phone/other mobile device),Telemarketing (including do not call and spoofing),14221
09/08/2016,9:37 am,Phone,Wireless (cell phone/other mobile device),Robocalls,29679
08/17/2016,11:43 PM,Phone,Internet (VOIP),Robocalls,32081
07/27/2016,3:15 pm,Phone,Wireless (cell phone/other mobile device),Telemarketing (including do not call and spoofing),21044
07/27/2016,12:53 PM,Phone,Wireless (cell phone/other mobile device),Telemarketing (including do not call and spoofing),90620
07/27/2016,3:55 PM,Phone,Wireless (cell phone/other mobile device),Telemarketing (including do not call and spoofing),48732
07/27/2016,3:00 pm,Phone,Wired,Robocalls,43017
07/27/2016,3:45 PM,Phone,Wired,Robocalls,44149
07/27/2016,3:27 pm,Phone,Wireless (cell phone/other mobile device),Telemarketing (including do not call and spoofing),44107
07/27/2016,2:50 p.m.,Phone,Wired,Telemarketing (including do not call and spoofing),61821
07/27/2016,12:54 pm,Phone,Wireless (cell phone/other mobile device),Robocalls,89048
07/27/2016,3:30 pm,Phone,Wired,Telemarketing (including do not call and spoofing),29802
07/27/2016,3:44 P.M.,Phone,Wired,Telemarketing (including do not call and spoofing),2540
07/27/2016,3:30 pm,Phone,Internet (VOIP),Robocalls,10019
07/27/2016,11:37 am,Phone,Wired,Telemarketing (including do not call and spoofing),75078
07/27/2016,8:54 am,Phone,Wired,Robocalls,80528
07/27/2016,4:08 PM,Phone,Wireless (cell phone/other mobile device),Telemarketing (including do not call and spoofing),27519
07/27/2016,NA,Phone,Wireless (cell phone/other mobile device),Telemarketing (including do not call and spoofing),16635
07/27/2016,3:54 pm,Phone,Wireless (cell phone/other mobile device),Robocalls,11501
07/27/2016,1:00 pm,Phone,Wired,Telemarketing (including do not call and spoofing),94127
07/27/2016,3:47 P.M.,Phone,Wireless (cell phone/other mobile device),Telemarketing (including do not call and spoofing),30240
07/27/2016,2:47 PM,Phone,Wireless (cell phone/other mobile device),Robocalls,42419
07/27/2016,9:46 am,Phone,Wireless (cell phone/other mobile device),Telemarketing (including do not call and spoofing),78736
07/27/2016,9:03 A.M.,Phone,Wireless (cell phone/other mobile device),Telemarketing (including do not call and spoofing),85331
07/27/2016,2:00 pm,Phone,Wireless (cell phone/other mobile device),Telemarketing (including do not call and spoofing),19805
07/23/2016,8:30 a.m.,Phone,Wired,Robocalls,14150
09/08/2016,9:33 am,Phone,Wireless (cell phone/other mobile device),Telemarketing (including do not call and spoofing),48047
09/08/2016,9:51 am,Phone,Wireless (cell phone/other mobile device),Telemarketing (including do not call and spoofing),10022
07/27/2016,NA,Phone,Wireless (cell phone/other mobile device),Telemarketing (including do not call and spoofing),16635
07/27/2016,3:55 pm,Phone,Wired,Robocalls,10605
07/27/2016,1:30 p.m.,Phone,Wireless (cell phone/other mobile device),Telemarketing (including do not call and spoofing),92660
07/27/2016,11:30 am,Phone,Wireless (cell phone/other mobile device),Telemarketing (including do not call and spoofing),95688
09/08/2016,9:30 am,Phone,Wireless (cell phone/other mobile device),Robocalls,23226
09/08/2016,7:30 am,Phone,Internet (VOIP),Telemarketing (including do not call and spoofing),80816
08/17/2016,5:25 P.M.,Phone,Wireless (cell phone/other mobile device),Telemarketing (including do not call and spoofing),64746
08/18/2016,9:15 am,Phone,Wireless (cell phone/other mobile device),Telemarketing (including do not call and spoofing),44708
07/08/2016,11:21 AM,Phone,Wired,Robocalls,45040
07/10/2016,4:09 P.M.,Phone,Wireless (cell phone/other mobile device),Telemarketing (including do not call and spoofing),33418
07/06/2016,10:32 AM,Phone,Wired,Telemarketing (including do not call and spoofing),49424
07/27/2016,4:20 pm,Phone,Wireless (cell phone/other mobile device),Robocalls,40359
07/27/2016,4:18 pm,Phone,Wired,Robocalls,18036
07/27/2016,01:59 pm,Phone,Wired,Telemarketing (including do not call and spoofing),6880
07/27/2016,4:28 pm,Phone,Wired,Robocalls,48357
07/26/2016,7:00 pm,Phone,Wired,Telemarketing (including do not call and spoofing),92821
07/27/2016,10:51 am,Phone,Wired,Telemarketing (including do not call and spoofing),6880
07/27/2016,11:49 a.m.,Phone,Wireless (cell phone/other mobile device),Telemarketing (including do not call and spoofing),7728
07/27/2016,3:51 pm,Phone,Wired,Robocalls,33569
07/27/2016,12:50 pm,Phone,Internet (VOIP),Robocalls,21401
07/27/2016,9:00 am,Phone,Internet (VOIP),Robocalls,34442
07/27/2016,9:00 am,Phone,Wireless (cell phone/other mobile device),Telemarketing (including do not call and spoofing),98031
07/27/2016,3:43 p.m.,Phone,Wireless (cell phone/other mobile device),Telemarketing (including do not call and spoofing),30032
07/27/2016,1:37 PM,Phone,Wireless (cell phone/other mobile device),Telemarketing (including do not call and spoofing),95503
07/27/2016,3:30 p.m.,Phone,Wired,Telemarketing (including do not call and spoofing),73071
07/27/2016,4:15 pm,Phone,Wireless (cell phone/other mobile device),Telemarketing (including do not call and spoofing),28205
07/27/2016,4:43 pm,Phone,Wired,Telemarketing (including do not call and spoofing),33323
07/27/2016,4:46 pm,Phone,Wireless (cell phone/other mobile device),Telemarketing (including do not call and spoofing),21218
07/27/2016,5:00 pm,Phone,Wireless (cell phone/other mobile device),Robocalls,7094
09/08/2016,NA,Phone,Wireless (cell phone/other mobile device),Telemarketing (including do not call and spoofing),757
07/27/2016,11:56 am,Phone,Wireless (cell phone/other mobile device),Telemarketing (including do not call and spoofing),11554
07/27/2016,1:47 pm,Phone,Wired,Telemarketing (including do not call and spoofing),46278
07/27/2016,3:45 pm,Phone,Wireless (cell phone/other mobile device),Telemarketing (including do not call and spoofing),66215
07/27/2016,5:10 pm,Phone,Wireless (cell phone/other mobile device),Robocalls,40220
07/27/2016,4:12 p.m.,Phone,Wireless (cell phone/other mobile device),Robocalls,72210
07/22/2016,11:20 a.m.,Phone,Internet (VOIP),Telemarketing (including do not call and spoofing),53190
07/27/2016,1:43 PM,Phone,Wired,Telemarketing (including do not call and spoofing),97217
07/27/2016,4:00 pm,Phone,Wired,Telemarketing (including do not call and spoofing),23225
07/26/2016,12:49 p.m.,Phone,Wired,Robocalls,72761
07/27/2016,3:08 PM,Phone,Wireless (cell phone/other mobile device),Telemarketing (including do not call and spoofing),83402
07/27/2016,5:21 pm,Phone,Wireless (cell phone/other mobile device),Robocalls,7006
07/27/2016,2:20 pm,Phone,Wireless (cell phone/other mobile device),Robocalls,89148
07/27/2016,11:15 am,Phone,Wired,Telemarketing (including do not call and spoofing),41011
07/27/2016,12:00 pm,Phone,Wireless (cell phone/other mobile device),Telemarketing (including do not call and spoofing),43614
07/27/2016,9:15 am,Phone,Wireless (cell phone/other mobile device),Telemarketing (including do not call and spoofing),17547
07/27/2016,5:30 PM,Phone,Wireless (cell phone/other mobile device),Telemarketing (including do not call and spoofing),21769
07/27/2016,4:37 pm,Phone,Internet (VOIP),Robocalls,1824
09/08/2016,9:52 am,Phone,Wireless (cell phone/other mobile device),Robocalls,7450
07/27/2016,4:30 pm,Phone,Wireless (cell phone/other mobile device),Robocalls,66044
07/27/2016,4:33 p.m.,Phone,Internet (VOIP),Telemarketing (including do not call and spoofing),73112
07/27/2016,NA,Phone,Wireless (cell phone/other mobile device),Telemarketing (including do not call and spoofing),85006
07/26/2016,8:40 pm,Phone,Wired,Telemarketing (including do not call and spoofing),92629
07/27/2016,1:18 p.m.,Phone,Wireless (cell phone/other mobile device),Robocalls,6820
07/27/2016,5:54 pm,Phone,Wireless (cell phone/other mobile device),Telemarketing (including do not call and spoofing),7642
07/27/2016,1:33 pm,Phone,Wired,Robocalls,95864
07/27/2016,4:43 pm,Phone,Wireless (cell phone/other mobile device),Robocalls,53143
07/27/2016,5:07 pm,Phone,Wireless (cell phone/other mobile device),Robocalls,60615
07/27/2016,4:00 pm,Phone,Wireless (cell phone/other mobile device),Telemarketing (including do not call and spoofing),63026
07/27/2016,6:00 pm,Phone,Internet (VOIP),Robocalls,27405
07/27/2016,2:15 P.M.,Phone,Wired,Robocalls,95827
07/27/2016,2:15 pm,Phone,Internet (VOIP),Telemarketing (including do not call and spoofing),22033
07/27/2016,5:15 P.M.,Phone,Wireless (cell phone/other mobile device),Telemarketing (including do not call and spoofing),76084
07/27/2016,NA,Phone,Wired,Robocalls,20852
07/27/2016,11:19 A.M.,Phone,Wireless (cell phone/other mobile device),Telemarketing (including do not call and spoofing),33129
07/27/2016,10:00 am,Phone,Wired,Telemarketing (including do not call and spoofing),11106
07/27/2016,6:15 PM,Phone,Internet (VOIP),Telemarketing (including do not call and spoofing),21046
07/27/2016,3:23 p.m.,Phone,Wireless (cell phone/other mobile device),Robocalls,95035
07/27/2016,5:40 p.m.,Phone,Internet (VOIP),Telemarketing (including do not call and spoofing),36116
07/27/2016,3:45 pm,Phone,Wired,Robocalls,98571
07/27/2016,3:47 PM,Phone,Wired,Telemarketing (including do not call and spoofing),85255
07/27/2016,11:02 AM,Phone,Wired,Telemarketing (including do not call and spoofing),85119
07/27/2016,5:05 PM,Phone,Wired,Telemarketing (including do not call and spoofing),75758
07/27/2016,3:39 p.m.,Phone,Wireless (cell phone/other mobile device),Telemarketing (including do not call and spoofing),95131
07/27/2016,3:35 pm,Phone,Wired,Robocalls,20120
07/27/2016,6:08 p.m.,Phone,Wireless (cell phone/other mobile device),Telemarketing (including do not call and spoofing),76148
07/27/2016,8:30 am,Phone,Wireless (cell phone/other mobile device),Telemarketing (including do not call and spoofing),75070
07/27/2016,3:37 pm,Phone,Wireless (cell phone/other mobile device),Telemarketing (including do not call and spoofing),60660
07/20/2016,3:00 pm,Phone,Wired,Robocalls,95682
07/27/2016,5:37 am,Phone,Wireless (cell phone/other mobile device),Telemarketing (including do not call and spoofing),85295
07/27/2016,6:08 pm,Phone,Wireless (cell phone/other mobile device),Telemarketing (including do not call and spoofing),35653
07/22/2016,6:00 am,Phone,Wireless (cell phone/other mobile device),Telemarketing (including do not call and spoofing),90034
07/27/2016,7:35 P.M.,Phone,Wireless (cell phone/other mobile device),Telemarketing (including do not call and spoofing),33442
07/27/2016,7:04 p.m.,Phone,Wireless (cell phone/other mobile device),Telemarketing (including do not call and spoofing),7621
09/06/2016,2:36 pm,Phone,Wired,Telemarketing (including do not call and spoofing),53901
09/08/2016,9:40 a.m.,Phone,Wireless (cell phone/other mobile device),Telemarketing (including do not call and spoofing),21230
07/27/2016,4:30 pm,Phone,Wired,Telemarketing (including do not call and spoofing),21403
07/27/2016,7:30 pm,Phone,Wireless (cell phone/other mobile device),Telemarketing (including do not call and spoofing),18104
07/27/2016,7:00 pm,Phone,Wireless (cell phone/other mobile device),Telemarketing (including do not call and spoofing),50325
07/27/2016,5:51 pm,Phone,Wired,Telemarketing (including do not call and spoofing),20882
07/27/2016,4:45 PM,Phone,Wireless (cell phone/other mobile device),Robocalls,89506
07/27/2016,5:22 P.M.,Phone,Wireless (cell phone/other mobile device),Telemarketing (including do not call and spoofing),53172
07/26/2016,1:00 pm,Phone,Wireless (cell phone/other mobile device),Telemarketing (including do not call and spoofing),51106
07/27/2016,8:45 pm,Phone,Wired,Telemarketing (including do not call and spoofing),55109
07/07/2016,10:00 a.m.,Phone,Wired,Telemarketing (including do not call and spoofing),11561
07/27/2016,6:50 pm,Phone,Wireless (cell phone/other mobile device),Telemarketing (including do not call and spoofing),92660
07/27/2016,5:15 P.M.,Phone,Wireless (cell phone/other mobile device),Telemarketing (including do not call and spoofing),93527
07/27/2016,6:44 pm,Phone,Wireless (cell phone/other mobile device),Telemarketing (including do not call and spoofing),90706
07/26/2016,10:57 am,Phone,Wireless (cell phone/other mobile device),Telemarketing (including do not call and spoofing),80303
07/27/2016,7:00 pm,Phone,Wireless (cell phone/other mobile device),Telemarketing (including do not call and spoofing),92264
07/27/2016,08:00 PM,Phone,Wireless (cell phone/other mobile device),Telemarketing (including do not call and spoofing),88310
07/26/2016,6:00 pm,Phone,Wireless (cell phone/other mobile device),Telemarketing (including do not call and spoofing),80303
07/27/2016,3:50 p.m.,Phone,Wired,Telemarketing (including do not call and spoofing),70445
07/27/2016,6:20 p.m.,Phone,Wireless (cell phone/other mobile device),Telemarketing (including do not call and spoofing),95678
07/27/2016,7:13 p.m.,Phone,Wireless (cell phone/other mobile device),Robocalls,90028
07/27/2016,8:32 p.m.,Phone,Wireless (cell phone/other mobile device),Telemarketing (including do not call and spoofing),82009
07/27/2016,7:43 p.m.,Phone,Wired,Telemarketing (including do not call and spoofing),95642
07/27/2016,11:58 am,Phone,Wired,Telemarketing (including do not call and spoofing),37377
07/27/2016,6:00 a.m.,Phone,Wireless (cell phone/other mobile device),Robocalls,90007
09/08/2016,8:30 am,Phone,Wired,Telemarketing (including do not call and spoofing),16361
08/18/2016,9:05 am,Phone,Wired,Robocalls,21771
08/18/2016,9:16 am,Phone,Wired,Robocalls,1720
07/07/2016,8:02 am,Phone,Wired,Robocalls,92223
07/26/2016,01:54 pm,Phone,Wireless (cell phone/other mobile device),Robocalls,94510
07/12/2016,07:55 pm,Phone,Wireless (cell phone/other mobile device),Robocalls,94510
09/08/2016,9:52 AM,Phone,Wired,Robocalls,27896
09/08/2016,8:26 am,Phone,Internet (VOIP),Robocalls,10108
09/08/2016,9:23 am,Phone,Wireless (cell phone/other mobile device),Robocalls,48169
09/08/2016,9:34 AM,Phone,Wired,Telemarketing (including do not call and spoofing),16701
09/08/2016,6:30 am,Phone,Wireless (cell phone/other mobile device),Robocalls,83854
09/08/2016,8:30 am,Phone,Internet (VOIP),Robocalls,23234
09/08/2016,8:55 pm,Phone,Wired,Telemarketing (including do not call and spoofing),76245
09/08/2016,9:15 AM,Phone,Wired,Telemarketing (including do not call and spoofing),50263
09/08/2016,09:12 am,Phone,Wireless (cell phone/other mobile device),Telemarketing (including do not call and spoofing),32504
09/08/2016,10:15 am,Phone,Wireless (cell phone/other mobile device),Telemarketing (including do not call and spoofing),19103
09/08/2016,9:55 am,Phone,Internet (VOIP),Telemarketing (including do not call and spoofing),21702
09/08/2016,10:20 am,Phone,Wired,Telemarketing (including do not call and spoofing),6878
09/08/2016,9:15 am,Phone,Wired,Telemarketing (including do not call and spoofing),42457
09/08/2016,NA,Phone,Wireless (cell phone/other mobile device),Robocalls,27312
09/08/2016,10:00 am,Phone,Wireless (cell phone/other mobile device),Telemarketing (including do not call and spoofing),28716
09/07/2016,4:00 pm,Phone,Wireless (cell phone/other mobile device),Robocalls,3054
09/08/2016,10:22 am,Phone,Wireless (cell phone/other mobile device),Telemarketing (including do not call and spoofing),8048
09/07/2016,7:02 p.m.,Phone,Wired,Telemarketing (including do not call and spoofing),10987
09/08/2016,10:04 am,Phone,Internet (VOIP),Robocalls,22936
09/07/2016,NA,Phone,Wired,Telemarketing (including do not call and spoofing),18428
09/08/2016,10:00 am,Phone,Wired,Telemarketing (including do not call and spoofing),45040
09/01/2016,9:20 am,Phone,Wireless (cell phone/other mobile device),Telemarketing (including do not call and spoofing),10022
09/08/2016,10:39 am,Phone,Wireless (cell phone/other mobile device),Telemarketing (including do not call and spoofing),10530
08/18/2016,9:33 am,Phone,Wired,Telemarketing (including do not call and spoofing),32608
08/17/2016,8:51 am,Phone,Wireless (cell phone/other mobile device),Robocalls,61073
07/01/2016,NA,Phone,Internet (VOIP),Robocalls,24017
07/27/2016,NA,Phone,Wired,Telemarketing (including do not call and spoofing),79912
08/18/2016,12:45 pm,Phone,Wireless (cell phone/other mobile device),Telemarketing (including do not call and spoofing),89117
09/08/2016,09:48 AM,Phone,Wireless (cell phone/other mobile device),Telemarketing (including do not call and spoofing),46037
09/08/2016,7:20 pm,Phone,Wireless (cell phone/other mobile device),Robocalls,11804
09/07/2016,5:34 pm,Phone,Wired,Telemarketing (including do not call and spoofing),71303
09/08/2016,9:45 A.M.,Phone,Wireless (cell phone/other mobile device),Telemarketing (including do not call and spoofing),60130
09/08/2016,9:51 am,Phone,Wireless (cell phone/other mobile device),Telemarketing (including do not call and spoofing),54487
09/08/2016,10:45 AM,Phone,Wireless (cell phone/other mobile device),Telemarketing (including do not call and spoofing),8753
09/08/2016,09:56 am,Phone,Wireless (cell phone/other mobile device),Robocalls,75773
09/08/2016,9:00 AM,Phone,Wired,Robocalls,14086
09/08/2016,11:00 am,Phone,Wireless (cell phone/other mobile device),Telemarketing (including do not call and spoofing),11518
09/08/2016,NA,Phone,Wired,Telemarketing (including do not call and spoofing),23023
09/04/2016,NA,Phone,Wireless (cell phone/other mobile device),Telemarketing (including do not call and spoofing),32547
09/09/2016,10:30 am,Phone,Wireless (cell phone/other mobile device),Telemarketing (including do not call and spoofing),44107
09/08/2016,10:05 a.m.,Phone,Wireless (cell phone/other mobile device),Robocalls,75023
09/08/2016,10:10 am,Phone,Wired,Robocalls,33133
09/08/2016,11:13 am,Phone,Wireless (cell phone/other mobile device),Telemarketing (including do not call and spoofing),19119
09/08/2016,9:59 AM,Phone,Wireless (cell phone/other mobile device),Robocalls,75063
09/08/2016,10:00 am,Phone,Wireless (cell phone/other mobile device),Telemarketing (including do not call and spoofing),67218
09/07/2016,9:08 AM,Phone,Wired,Robocalls,89103
08/24/2016,NA,Phone,Wireless (cell phone/other mobile device),Telemarketing (including do not call and spoofing),27330
09/08/2016,10:23 am,Phone,Wired,Robocalls,76367
09/08/2016,8:41 a.m.,Phone,Internet (VOIP),Robocalls,79912
09/08/2016,11:19 am,Phone,Wireless (cell phone/other mobile device),Robocalls,28209
09/08/2016,11:25 am,Phone,Wireless (cell phone/other mobile device),Robocalls,30507
09/08/2016,9:30 am,Phone,Wireless (cell phone/other mobile device),Robocalls,81504
09/08/2016,8:33 a.m.,Phone,Wired,Telemarketing (including do not call and spoofing),44333
09/08/2016,8:00 am,Phone,Wireless (cell phone/other mobile device),Telemarketing (including do not call and spoofing),79936
09/08/2016,1:33 am,Phone,Wireless (cell phone/other mobile device),Telemarketing (including do not call and spoofing),37221
09/08/2016,10:30 am,Phone,Wireless (cell phone/other mobile device),Telemarketing (including do not call and spoofing),78580
08/18/2016,01:50 pm,Phone,Wired,Telemarketing (including do not call and spoofing),91335
08/18/2016,1:30 pm,Phone,Wired,Telemarketing (including do not call and spoofing),20850
09/08/2016,11:30 A.M.,Phone,Wireless (cell phone/other mobile device),Telemarketing (including do not call and spoofing),13905
09/08/2016,10:16 am,Phone,Internet (VOIP),Robocalls,48382
09/08/2016,11:34 am,Phone,Wireless (cell phone/other mobile device),Robocalls,19046
09/08/2016,11:36 am,Phone,Wireless (cell phone/other mobile device),Robocalls,30082
09/07/2016,12:17 p.m.,Phone,Wired,Telemarketing (including do not call and spoofing),24060
09/08/2016,8:36 am,Phone,Wired,Robocalls,98177
08/15/2016,6:22 p.m.,Phone,Wired,Robocalls,48183
07/28/2016,10:30 am,Phone,Wired,Robocalls,21122
