Duration (in seconds),Q1,Q41,Q2,Q8,Q3,Q3_4_TEXT,Q42,Q43,Q20,Q21,Q46,Q49,Q50,Q53,Q55,Q44,Q45,Q9
Duration (in seconds),"What is your age in years?
*",What is your gender? *,What is your race? Check all that apply. *,What is the highest level of education you have completed? *,"Thinking about your political affiliation, which of the following do you identify yourself as? * - Selected Choice","Thinking about your political affiliation, which of the following do you identify yourself as? * - Other - Text",What is your current education/employment status? Please mark all that apply. *,"What is your best estimate of total household income from all sources, before taxes, in 2019? *",How optimistic are you about the future of the United States economy over the next 5 years? *,"In January of 2020, how often had you been feeling nervous, anxious, or on edge? *","Over the last two weeks, how often have you been feeling nervous, anxious, or on edge? *","In January of 2020, how often did you have little interest or pleasure in doing things? *","Over the last two weeks, how often have you had little interest or pleasure in doing things? *",Have you received mental health services - counseling or prescription drugs - as a result of the COVID-19 pandemic? *,How optimistic are you about your life in the upcoming month? *,Have you been infected with COVID-19 virus? *,When do you expect to be vaccinated with the COVID-19 vaccination? *,"People are busy these days and do not always have time to answer surveys. While some have time to answer, others may not have time to read survey questions carefully. To show that you’ve read carefully, please ignore the choices below and just click on the NEXT arrow at the bottom of this page. That’s right, there is no question — just click on the NEXT arrow at the bottom of the page and ignore the choices below."
114,42,Male,White,"Associate's degree (e.g., AA, AS)",Independent,,Work from home,"$10,000 to $39,999",Indifferent,Not at all,Not at all,Not at all,Not at all,"Yes, counseling",Indifferent,No,I will decline a COVID-19 vaccination.,
107,45,Female,White,"Bachelor's degree (e.g., BA, BS)",Democrat,,Work from home,"$40,000 to $79,999",Somewhat pessimistic,Rarely (Only a few times in the month),"Frequently (Every other day, 50% of the time or more)","Frequently (Every other day, 50% of the time or more)",Sometimes (Less than 50% of the time),"Yes, counseling",Somewhat pessimistic,,January 2021,Very interested (2)
137,38,Female,White,Some college credit,Democrat,,Work from home,"$10,000 to $39,999",Indifferent,Rarely (Only a few times in the month),Sometimes (Less than 50% of the time),Rarely (Only a few times in the month),Sometimes (Less than 50% of the time),"No, and not thinking about seeking such services in the near future",Somewhat optimistic,No,February 2021,
114,28,Male,White,"Bachelor's degree (e.g., BA, BS)",Democrat,,"Remote Education,Work from home","$40,000 to $79,999",Indifferent,Rarely (Only a few times in the month),"Frequently (Every other day, 50% of the time or more)",Sometimes (Less than 50% of the time),Sometimes (Less than 50% of the time),"Yes, prescription drugs",Somewhat optimistic,No,February 2021,
127,30,Female,White,"Associate's degree (e.g., AA, AS)",Democrat,,Remote Education,"$10,000 to $39,999",Somewhat pessimistic,"Frequently (Every other day, 50% of the time or more)",Rarely (Only a few times in the month),Sometimes (Less than 50% of the time),Rarely (Only a few times in the month),"Yes, prescription drugs",Very optimistic,No,June 2021,
116,55,Female,White,"Bachelor's degree (e.g., BA, BS)",Democrat,,Work from home,"$40,000 to $79,999",Very optimistic,Sometimes (Less than 50% of the time),"Frequently (Every other day, 50% of the time or more)",Rarely (Only a few times in the month),"Frequently (Every other day, 50% of the time or more)","Yes, counseling and prescription drugs",Very pessimistic,"Yes, I tested positive",January 2021,
137,33,Female,White,"Bachelor's degree (e.g., BA, BS)",Republican,,"Work from home,Non-remote working","$80,000 to $119,999",Somewhat optimistic,Rarely (Only a few times in the month),Rarely (Only a few times in the month),Not at all,Not at all,"No, and not thinking about seeking such services in the near future",Somewhat pessimistic,No,June 2021,
123,30,Male,White,"Bachelor's degree (e.g., BA, BS)",Republican,,Work from home,"$10,000 to $39,999",Indifferent,Rarely (Only a few times in the month),Sometimes (Less than 50% of the time),Rarely (Only a few times in the month),"Frequently (Every other day, 50% of the time or more)","Yes, prescription drugs",Indifferent,"Maybe, I had symptoms but did not get tested",March 2021,
174,32,Male,Asian,"Post-bachelor's degree (e.g., MA, MS, MEng, MEd, MSW, MBA, MD, DDS, DVM, LLB, JD, PhD, EdD)",Democrat,,Work from home,"$40,000 to $79,999",Very optimistic,Sometimes (Less than 50% of the time),"Frequently (Every other day, 50% of the time or more)","Frequently (Every other day, 50% of the time or more)",Constantly (Nearly every day or every day),"No, and not thinking about seeking such services in the near future",Somewhat pessimistic,No,March 2021,
175,45,Male,White,"Bachelor's degree (e.g., BA, BS)",Republican,,"Remote Education,Work from home,Other","$40,000 to $79,999",Indifferent,Sometimes (Less than 50% of the time),Sometimes (Less than 50% of the time),Sometimes (Less than 50% of the time),"Frequently (Every other day, 50% of the time or more)","No, but thinking about seeking such services in the near future",Indifferent,"Maybe, I had symptoms but did not get tested",December 2021,
128,30,Male,White,"Bachelor's degree (e.g., BA, BS)",Republican,,Work from home,"$80,000 to $119,999",Somewhat pessimistic,Sometimes (Less than 50% of the time),Rarely (Only a few times in the month),Rarely (Only a few times in the month),"Frequently (Every other day, 50% of the time or more)","Yes, prescription drugs",Indifferent,No,November 2021,
144,28,Female,White,"Bachelor's degree (e.g., BA, BS)",Republican,,Remote Education,"$40,000 to $79,999",Somewhat pessimistic,Sometimes (Less than 50% of the time),"Frequently (Every other day, 50% of the time or more)",Rarely (Only a few times in the month),"Frequently (Every other day, 50% of the time or more)","Yes, prescription drugs",Very pessimistic,"Yes, I tested positive",December 2020,
156,53,Male,White,"Post-bachelor's degree (e.g., MA, MS, MEng, MEd, MSW, MBA, MD, DDS, DVM, LLB, JD, PhD, EdD)",Republican,,Work from home,"$200,000 to $249,999",Somewhat optimistic,Not at all,Not at all,Not at all,Not at all,"No, and not thinking about seeking such services in the near future",Somewhat optimistic,No,March 2021,
95,25,Female,Asian,High school diploma or GED,Republican,,Non-remote working,"$10,000 to $39,999",Somewhat pessimistic,Rarely (Only a few times in the month),Sometimes (Less than 50% of the time),"Frequently (Every other day, 50% of the time or more)",Rarely (Only a few times in the month),"Yes, counseling and prescription drugs",Indifferent,"Maybe, I had symptoms but did not get tested",March 2021,
172,54,Female,White,Some college credit,Democrat,,Work from home,"$40,000 to $79,999",Somewhat optimistic,Not at all,Rarely (Only a few times in the month),Not at all,Not at all,"No, and not thinking about seeking such services in the near future",Somewhat optimistic,No,February 2021,
180,28,Male,White,"Post-bachelor's degree (e.g., MA, MS, MEng, MEd, MSW, MBA, MD, DDS, DVM, LLB, JD, PhD, EdD)",Democrat,,Work from home,"$40,000 to $79,999",Very optimistic,Rarely (Only a few times in the month),Not at all,Sometimes (Less than 50% of the time),Not at all,"No, and not thinking about seeking such services in the near future",Somewhat optimistic,No,March 2021,
99,47,Male,White,"Bachelor's degree (e.g., BA, BS)",Democrat,,Work from home,"$40,000 to $79,999",Somewhat pessimistic,Rarely (Only a few times in the month),Sometimes (Less than 50% of the time),"Frequently (Every other day, 50% of the time or more)","Frequently (Every other day, 50% of the time or more)","Yes, counseling and prescription drugs",Somewhat pessimistic,"Yes, I tested positive",March 2021,
201,44,Female,White,"Bachelor's degree (e.g., BA, BS)",Independent,,Work from home,"$40,000 to $79,999",Indifferent,Rarely (Only a few times in the month),Sometimes (Less than 50% of the time),Not at all,Not at all,"No, and not thinking about seeking such services in the near future",Somewhat optimistic,No,June 2021,
192,37,Female,White,"Post-bachelor's degree (e.g., MA, MS, MEng, MEd, MSW, MBA, MD, DDS, DVM, LLB, JD, PhD, EdD)",Democrat,,Work from home,"$40,000 to $79,999",Indifferent,Not at all,Not at all,Not at all,Not at all,"Yes, counseling and prescription drugs",Indifferent,No,February 2021,
201,28,Male,White,"Post-bachelor's degree (e.g., MA, MS, MEng, MEd, MSW, MBA, MD, DDS, DVM, LLB, JD, PhD, EdD)",Democrat,,Work from home,"$40,000 to $79,999",Indifferent,Rarely (Only a few times in the month),Rarely (Only a few times in the month),Sometimes (Less than 50% of the time),Sometimes (Less than 50% of the time),"No, and not thinking about seeking such services in the near future",Indifferent,No,January 2021,Extremely interested (1)
226,29,Male,Asian,High school diploma or GED,Democrat,,Other,"$10,000 to $39,999",Very pessimistic,Constantly (Nearly every day or every day),Constantly (Nearly every day or every day),"Frequently (Every other day, 50% of the time or more)","Frequently (Every other day, 50% of the time or more)","No, and not thinking about seeking such services in the near future",Very pessimistic,No,December 2021,
230,62,Female,White,High school diploma or GED,Democrat,,Other,"$40,000 to $79,999",Somewhat optimistic,Not at all,Rarely (Only a few times in the month),Sometimes (Less than 50% of the time),Sometimes (Less than 50% of the time),"No, and not thinking about seeking such services in the near future",Somewhat optimistic,No,April 2021,
229,31,Male,Hispanic/Latino,"Bachelor's degree (e.g., BA, BS)",Democrat,,Work from home,"$40,000 to $79,999",Somewhat optimistic,Rarely (Only a few times in the month),Not at all,Rarely (Only a few times in the month),"Frequently (Every other day, 50% of the time or more)","No, and not thinking about seeking such services in the near future",Somewhat pessimistic,"Maybe, I had symptoms but did not get tested",February 2021,Moderately interested (3)
223,60,Male,White,Some college credit,Republican,,Recently paused/terminated education to COVID-19 related reasons,"$10,000 to $39,999",Somewhat pessimistic,Sometimes (Less than 50% of the time),"Frequently (Every other day, 50% of the time or more)",Rarely (Only a few times in the month),Constantly (Nearly every day or every day),"No, but thinking about seeking such services in the near future",Indifferent,"Yes, I tested positive",April 2021,
228,28,Male,White,"Bachelor's degree (e.g., BA, BS)",Republican,,Work from home,"$40,000 to $79,999",Somewhat pessimistic,Sometimes (Less than 50% of the time),Sometimes (Less than 50% of the time),"Frequently (Every other day, 50% of the time or more)",Sometimes (Less than 50% of the time),"Yes, counseling and prescription drugs",Somewhat pessimistic,No,January 2021,Not at all interested (5)
63,36,Male,White,Some college credit,Republican,,Work from home,"$0 to $9,999",Indifferent,Sometimes (Less than 50% of the time),Sometimes (Less than 50% of the time),"Frequently (Every other day, 50% of the time or more)",Rarely (Only a few times in the month),"Yes, counseling and prescription drugs",Indifferent,"Maybe, I had symptoms but did not get tested",January 2021,
205,27,Female,White,High school diploma or GED,Democrat,,Work from home,"$10,000 to $39,999",Somewhat optimistic,Sometimes (Less than 50% of the time),Sometimes (Less than 50% of the time),Sometimes (Less than 50% of the time),Sometimes (Less than 50% of the time),"Yes, prescription drugs",Somewhat optimistic,"Yes, I tested positive",January 2021,
115,28,Male,White,"Post-bachelor's degree (e.g., MA, MS, MEng, MEd, MSW, MBA, MD, DDS, DVM, LLB, JD, PhD, EdD)",Republican,,Work from home,"$40,000 to $79,999",Somewhat optimistic,Sometimes (Less than 50% of the time),"Frequently (Every other day, 50% of the time or more)",Sometimes (Less than 50% of the time),"Frequently (Every other day, 50% of the time or more)","Yes, prescription drugs",Very optimistic,"Maybe, I had symptoms but did not get tested",January 2021,
108,45,Male,White,"Bachelor's degree (e.g., BA, BS)",Democrat,,Work from home,"$40,000 to $79,999",Somewhat pessimistic,Rarely (Only a few times in the month),Sometimes (Less than 50% of the time),"Frequently (Every other day, 50% of the time or more)",Sometimes (Less than 50% of the time),"Yes, counseling",Somewhat optimistic,No,January 2021,
228,48,Male,White,High school diploma or GED,Independent,,Unemployed before COVID-19,"$10,000 to $39,999",Somewhat pessimistic,"Frequently (Every other day, 50% of the time or more)","Frequently (Every other day, 50% of the time or more)",Constantly (Nearly every day or every day),Constantly (Nearly every day or every day),"No, and not thinking about seeking such services in the near future",Somewhat pessimistic,No,Some time in 2022 or later,
263,61,Female,White,"Bachelor's degree (e.g., BA, BS)",Independent,,Other,"$40,000 to $79,999",Somewhat optimistic,Rarely (Only a few times in the month),Sometimes (Less than 50% of the time),Sometimes (Less than 50% of the time),"Frequently (Every other day, 50% of the time or more)","No, and not thinking about seeking such services in the near future",Very pessimistic,No,April 2021,
204,56,Female,White,"Associate's degree (e.g., AA, AS)",Independent,,Non-remote working,"$160,000 to $199,999",Somewhat optimistic,Sometimes (Less than 50% of the time),Rarely (Only a few times in the month),Not at all,Not at all,"No, and not thinking about seeking such services in the near future",Somewhat optimistic,No,August 2021,
282,30,Female,Asian,"Bachelor's degree (e.g., BA, BS)",Democrat,,Work from home,"$40,000 to $79,999",Very optimistic,Not at all,"Frequently (Every other day, 50% of the time or more)",Constantly (Nearly every day or every day),Rarely (Only a few times in the month),"No, but thinking about seeking such services in the near future",Somewhat optimistic,No,August 2021,
211,40,Male,White,"Bachelor's degree (e.g., BA, BS)",Republican,,"Remote Education,Recently paused/terminated education to COVID-19 related reasons","$40,000 to $79,999",Somewhat optimistic,Constantly (Nearly every day or every day),"Frequently (Every other day, 50% of the time or more)",Constantly (Nearly every day or every day),"Frequently (Every other day, 50% of the time or more)","No, and not thinking about seeking such services in the near future",Somewhat optimistic,No,January 2021,
289,56,Female,White,Some college credit,Republican,,Non-remote working,"$10,000 to $39,999",Somewhat optimistic,Rarely (Only a few times in the month),Sometimes (Less than 50% of the time),"Frequently (Every other day, 50% of the time or more)",Sometimes (Less than 50% of the time),"No, and not thinking about seeking such services in the near future",Somewhat optimistic,No,March 2021,
292,44,Male,White,Some college credit,Democrat,,Non-remote working,"$10,000 to $39,999",Somewhat optimistic,Sometimes (Less than 50% of the time),Sometimes (Less than 50% of the time),"Frequently (Every other day, 50% of the time or more)","Frequently (Every other day, 50% of the time or more)","No, and not thinking about seeking such services in the near future",Indifferent,No,March 2021,
108,45,Male,White,"Bachelor's degree (e.g., BA, BS)",Republican,,Other,"$40,000 to $79,999",Indifferent,"Frequently (Every other day, 50% of the time or more)",Sometimes (Less than 50% of the time),"Frequently (Every other day, 50% of the time or more)","Frequently (Every other day, 50% of the time or more)","No, but thinking about seeking such services in the near future",Somewhat pessimistic,"Maybe, I had symptoms but did not get tested",December 2020,
192,48,Female,White,"Bachelor's degree (e.g., BA, BS)",Democrat,,Non-remote working,"$40,000 to $79,999",Somewhat pessimistic,Rarely (Only a few times in the month),Rarely (Only a few times in the month),Sometimes (Less than 50% of the time),Sometimes (Less than 50% of the time),"Yes, counseling and prescription drugs",Somewhat optimistic,No,February 2021,
204,29,Male,White,"Bachelor's degree (e.g., BA, BS)",Democrat,,Work from home,"$40,000 to $79,999",Indifferent,Sometimes (Less than 50% of the time),Rarely (Only a few times in the month),"Frequently (Every other day, 50% of the time or more)","Frequently (Every other day, 50% of the time or more)","Yes, counseling",Somewhat pessimistic,No,January 2021,
282,31,Male,Black/African American,"Bachelor's degree (e.g., BA, BS)",Democrat,,Work from home,"$80,000 to $119,999",Somewhat optimistic,Rarely (Only a few times in the month),Sometimes (Less than 50% of the time),Sometimes (Less than 50% of the time),Sometimes (Less than 50% of the time),"No, but thinking about seeking such services in the near future",Very optimistic,No,February 2021,
225,30,Female,White,Some college credit,Republican,,Non-remote working,"$40,000 to $79,999",Somewhat pessimistic,Sometimes (Less than 50% of the time),Constantly (Nearly every day or every day),Rarely (Only a few times in the month),Sometimes (Less than 50% of the time),"No, and not thinking about seeking such services in the near future",Somewhat pessimistic,No,March 2021,
388,29,Male,White,"Post-bachelor's degree (e.g., MA, MS, MEng, MEd, MSW, MBA, MD, DDS, DVM, LLB, JD, PhD, EdD)",Democrat,,Work from home,"$40,000 to $79,999",Somewhat optimistic,Not at all,Rarely (Only a few times in the month),Rarely (Only a few times in the month),Sometimes (Less than 50% of the time),"No, and not thinking about seeking such services in the near future",Somewhat optimistic,No,January 2021,
140,44,Male,White,"Bachelor's degree (e.g., BA, BS)",Democrat,,Work from home,"$40,000 to $79,999",Very optimistic,Rarely (Only a few times in the month),Rarely (Only a few times in the month),Rarely (Only a few times in the month),Rarely (Only a few times in the month),"No, and not thinking about seeking such services in the near future",Somewhat optimistic,No,April 2021,
196,43,Male,White,"Post-bachelor's degree (e.g., MA, MS, MEng, MEd, MSW, MBA, MD, DDS, DVM, LLB, JD, PhD, EdD)",Republican,,Work from home,"$40,000 to $79,999",Somewhat optimistic,"Frequently (Every other day, 50% of the time or more)",Sometimes (Less than 50% of the time),"Frequently (Every other day, 50% of the time or more)",Constantly (Nearly every day or every day),"No, and not thinking about seeking such services in the near future",Very optimistic,No,January 2021,
375,38,Male,"Asian,White","Bachelor's degree (e.g., BA, BS)",Democrat,,"Work from home,Non-remote working","$40,000 to $79,999",Very pessimistic,Rarely (Only a few times in the month),Rarely (Only a few times in the month),Not at all,Not at all,"No, and not thinking about seeking such services in the near future",Very optimistic,No,I will decline a COVID-19 vaccination.,
382,36,Female,White,"Associate's degree (e.g., AA, AS)",Independent,,Work from home,"$40,000 to $79,999",Somewhat optimistic,Rarely (Only a few times in the month),Sometimes (Less than 50% of the time),Not at all,Not at all,"No, and not thinking about seeking such services in the near future",Somewhat pessimistic,No,I will decline a COVID-19 vaccination.,
53,24,Male,Asian,"Bachelor's degree (e.g., BA, BS)",Independent,,Work from home,"$10,000 to $39,999",Somewhat optimistic,Sometimes (Less than 50% of the time),"Frequently (Every other day, 50% of the time or more)",Sometimes (Less than 50% of the time),"Frequently (Every other day, 50% of the time or more)","Yes, counseling and prescription drugs",Somewhat optimistic,No,February 2021,Very interested (2)
440,35,Male,White,"Bachelor's degree (e.g., BA, BS)",Republican,,Remote Education,"$40,000 to $79,999",Somewhat optimistic,"Frequently (Every other day, 50% of the time or more)","Frequently (Every other day, 50% of the time or more)",Sometimes (Less than 50% of the time),"Frequently (Every other day, 50% of the time or more)","No, but thinking about seeking such services in the near future",Somewhat optimistic,No,December 2020,
426,67,Female,White,Some college credit,Republican,,"Work from home,Non-remote working","$40,000 to $79,999",Very optimistic,Not at all,Not at all,Not at all,Not at all,"Yes, counseling",Indifferent,No,January 2021,
439,36,Female,White,"Post-bachelor's degree (e.g., MA, MS, MEng, MEd, MSW, MBA, MD, DDS, DVM, LLB, JD, PhD, EdD)",Independent,,Non-remote working,"$10,000 to $39,999",Somewhat optimistic,"Frequently (Every other day, 50% of the time or more)","Frequently (Every other day, 50% of the time or more)",Sometimes (Less than 50% of the time),"Frequently (Every other day, 50% of the time or more)","No, and not thinking about seeking such services in the near future",Somewhat pessimistic,No,March 2021,
166,23,Female,White,"Bachelor's degree (e.g., BA, BS)",Democrat,,Work from home,"$40,000 to $79,999",Somewhat pessimistic,Sometimes (Less than 50% of the time),Sometimes (Less than 50% of the time),Sometimes (Less than 50% of the time),Sometimes (Less than 50% of the time),"Yes, prescription drugs",Somewhat pessimistic,No,January 2021,
497,43,Male,White,"Bachelor's degree (e.g., BA, BS)",Independent,,Work from home,"$10,000 to $39,999",Somewhat pessimistic,Rarely (Only a few times in the month),"Frequently (Every other day, 50% of the time or more)",Not at all,Rarely (Only a few times in the month),"No, and not thinking about seeking such services in the near future",Somewhat optimistic,No,I will decline a COVID-19 vaccination.,
278,42,Female,Hispanic/Latino,"Bachelor's degree (e.g., BA, BS)",Republican,,Work from home,"$40,000 to $79,999",Somewhat pessimistic,Sometimes (Less than 50% of the time),Sometimes (Less than 50% of the time),Sometimes (Less than 50% of the time),"Frequently (Every other day, 50% of the time or more)","No, but thinking about seeking such services in the near future",Somewhat pessimistic,"Yes, I tested positive",February 2021,
359,35,Female,White,"Associate's degree (e.g., AA, AS)",Democrat,,"Remote Education,Non-remote working","$40,000 to $79,999",Somewhat optimistic,Sometimes (Less than 50% of the time),Sometimes (Less than 50% of the time),Not at all,Not at all,"No, and not thinking about seeking such services in the near future",Indifferent,"Maybe, I had symptoms but did not get tested",February 2021,
115,28,Male,White,"Post-bachelor's degree (e.g., MA, MS, MEng, MEd, MSW, MBA, MD, DDS, DVM, LLB, JD, PhD, EdD)",Democrat,,Recently paused/terminated education to COVID-19 related reasons,"$80,000 to $119,999",Somewhat pessimistic,"Frequently (Every other day, 50% of the time or more)",Constantly (Nearly every day or every day),"Frequently (Every other day, 50% of the time or more)",Constantly (Nearly every day or every day),"Yes, counseling",Very optimistic,"Maybe, I had symptoms but did not get tested",March 2021,Very interested (2)
610,38,Male,White,"Bachelor's degree (e.g., BA, BS)",Independent,,Prefer not to say,"$10,000 to $39,999",Indifferent,Not at all,Not at all,Not at all,Not at all,"Yes, counseling",Indifferent,No,January 2021,
510,28,Male,White,"Bachelor's degree (e.g., BA, BS)",Democrat,,Work from home,"$80,000 to $119,999",Somewhat optimistic,Not at all,Not at all,Not at all,Not at all,"No, and not thinking about seeking such services in the near future",Somewhat optimistic,No,February 2021,Moderately interested (3)
311,58,Male,White,"Bachelor's degree (e.g., BA, BS)",Republican,,Work from home,"$10,000 to $39,999",Somewhat pessimistic,Sometimes (Less than 50% of the time),Sometimes (Less than 50% of the time),Rarely (Only a few times in the month),Sometimes (Less than 50% of the time),"Yes, counseling and prescription drugs",Somewhat pessimistic,No,December 2020,
582,23,Male,White,Some college credit,Independent,,"Recently paused/terminated education to COVID-19 related reasons,Work from home","$10,000 to $39,999",Somewhat pessimistic,Sometimes (Less than 50% of the time),Sometimes (Less than 50% of the time),Rarely (Only a few times in the month),Rarely (Only a few times in the month),"Yes, prescription drugs",Somewhat pessimistic,No,September 2021,
451,33,Male,White,"Bachelor's degree (e.g., BA, BS)",Democrat,,Work from home,"$40,000 to $79,999",Somewhat pessimistic,Rarely (Only a few times in the month),Not at all,Not at all,Not at all,"Yes, counseling",Very optimistic,No,March 2021,
372,46,Female,White,"Bachelor's degree (e.g., BA, BS)",Democrat,,Work from home,"$40,000 to $79,999",Somewhat pessimistic,Sometimes (Less than 50% of the time),Sometimes (Less than 50% of the time),Sometimes (Less than 50% of the time),Sometimes (Less than 50% of the time),"Yes, counseling and prescription drugs",Somewhat pessimistic,No,December 2020,
676,50,Female,"American Indian/Alaskan Native,White","Bachelor's degree (e.g., BA, BS)",Independent,,Non-remote working,"$40,000 to $79,999",Very optimistic,Rarely (Only a few times in the month),Not at all,Not at all,Not at all,"Yes, counseling",Very optimistic,No,I will decline a COVID-19 vaccination.,
168,31,Female,White,"Bachelor's degree (e.g., BA, BS)",Democrat,,Work from home,"$40,000 to $79,999",Somewhat pessimistic,Rarely (Only a few times in the month),Rarely (Only a few times in the month),Rarely (Only a few times in the month),Sometimes (Less than 50% of the time),"Yes, counseling and prescription drugs",Somewhat pessimistic,No,March 2021,
262,65,Male,White,"Bachelor's degree (e.g., BA, BS)",Republican,,Other,"$80,000 to $119,999",Indifferent,Sometimes (Less than 50% of the time),Rarely (Only a few times in the month),Rarely (Only a few times in the month),"Frequently (Every other day, 50% of the time or more)","No, but thinking about seeking such services in the near future",Indifferent,"Maybe, I had symptoms but did not get tested",December 2020,
671,59,Female,White,"Post-bachelor's degree (e.g., MA, MS, MEng, MEd, MSW, MBA, MD, DDS, DVM, LLB, JD, PhD, EdD)",Republican,,"Work from home,Non-remote working","$120,000 to $159,999",Somewhat optimistic,Not at all,"Frequently (Every other day, 50% of the time or more)",Not at all,Sometimes (Less than 50% of the time),"No, and not thinking about seeking such services in the near future",Somewhat optimistic,"Maybe, I had symptoms but did not get tested",Some time in 2022 or later,
671,36,Female,White,"Bachelor's degree (e.g., BA, BS)",Democrat,,Work from home,"$80,000 to $119,999",Somewhat optimistic,"Frequently (Every other day, 50% of the time or more)",Sometimes (Less than 50% of the time),Rarely (Only a few times in the month),Rarely (Only a few times in the month),"No, and not thinking about seeking such services in the near future",Somewhat optimistic,No,June 2021,
531,69,Female,White,"Associate's degree (e.g., AA, AS)",Republican,,Unemployed before COVID-19,"$10,000 to $39,999",Somewhat pessimistic,Not at all,Rarely (Only a few times in the month),Not at all,Not at all,"No, and not thinking about seeking such services in the near future",Somewhat optimistic,No,March 2021,
670,39,Female,White,"Associate's degree (e.g., AA, AS)",Republican,,Non-remote working,"$40,000 to $79,999",Somewhat optimistic,Rarely (Only a few times in the month),Sometimes (Less than 50% of the time),Not at all,Rarely (Only a few times in the month),"No, and not thinking about seeking such services in the near future",Somewhat optimistic,No,March 2021,
236,54,Female,White,Some college credit,Independent,,"Work from home,Other","$0 to $9,999",Somewhat pessimistic,Rarely (Only a few times in the month),Sometimes (Less than 50% of the time),Not at all,Rarely (Only a few times in the month),"No, and not thinking about seeking such services in the near future",Somewhat pessimistic,No,I will decline a COVID-19 vaccination.,Very interested (2)
286,56,Male,White,"Bachelor's degree (e.g., BA, BS)",Democrat,,Work from home,"$40,000 to $79,999",Indifferent,Rarely (Only a few times in the month),Sometimes (Less than 50% of the time),Not at all,Rarely (Only a few times in the month),"Yes, counseling and prescription drugs",Somewhat optimistic,No,January 2021,
467,58,Female,White,"Bachelor's degree (e.g., BA, BS)",Democrat,,Work from home,"$0 to $9,999",Somewhat optimistic,Not at all,Rarely (Only a few times in the month),Not at all,Not at all,"No, and not thinking about seeking such services in the near future",Somewhat pessimistic,No,I will decline a COVID-19 vaccination.,
616,32,Female,White,"Post-bachelor's degree (e.g., MA, MS, MEng, MEd, MSW, MBA, MD, DDS, DVM, LLB, JD, PhD, EdD)",Independent,,Work from home,"$40,000 to $79,999",Somewhat optimistic,Rarely (Only a few times in the month),Rarely (Only a few times in the month),Rarely (Only a few times in the month),Sometimes (Less than 50% of the time),"No, and not thinking about seeking such services in the near future",Somewhat optimistic,No,February 2021,
269,33,Male,White,"Bachelor's degree (e.g., BA, BS)",Democrat,,Work from home,"$40,000 to $79,999",Indifferent,Sometimes (Less than 50% of the time),Sometimes (Less than 50% of the time),Sometimes (Less than 50% of the time),Sometimes (Less than 50% of the time),"Yes, counseling and prescription drugs",Indifferent,"Yes, I tested positive",February 2021,
174,50,Female,White,Some college credit,Democrat,,Work from home,"$80,000 to $119,999",Somewhat optimistic,Not at all,Not at all,Not at all,Not at all,"No, and not thinking about seeking such services in the near future",Very optimistic,No,I will decline a COVID-19 vaccination.,Very interested (2)
682,38,Female,Hispanic/Latino,High school diploma or GED,Independent,,Non-remote working,"$10,000 to $39,999",Somewhat pessimistic,"Frequently (Every other day, 50% of the time or more)","Frequently (Every other day, 50% of the time or more)",Sometimes (Less than 50% of the time),Sometimes (Less than 50% of the time),"No, and not thinking about seeking such services in the near future",Somewhat pessimistic,"Maybe, I had symptoms but did not get tested",February 2021,
539,45,Male,Black/African American,"Bachelor's degree (e.g., BA, BS)",Democrat,,Remote Education,"$80,000 to $119,999",Very pessimistic,Rarely (Only a few times in the month),"Frequently (Every other day, 50% of the time or more)",Sometimes (Less than 50% of the time),Sometimes (Less than 50% of the time),"Yes, prescription drugs",Indifferent,"Yes, I tested positive",December 2021,
165,38,Male,White,"Bachelor's degree (e.g., BA, BS)",Democrat,,Other,"$10,000 to $39,999",Indifferent,Sometimes (Less than 50% of the time),"Frequently (Every other day, 50% of the time or more)",Rarely (Only a few times in the month),"Frequently (Every other day, 50% of the time or more)","Yes, prescription drugs",Indifferent,No,March 2021,
667,29,Male,"Black/African American,Hispanic/Latino",Some college credit,Independent,,Prefer not to say,"$40,000 to $79,999",Indifferent,Not at all,Not at all,Not at all,Not at all,"Yes, counseling and prescription drugs",Somewhat optimistic,No,I will decline a COVID-19 vaccination.,
218,30,Male,Black/African American,"Bachelor's degree (e.g., BA, BS)",Democrat,,Remote Education,"$40,000 to $79,999",Indifferent,Sometimes (Less than 50% of the time),Constantly (Nearly every day or every day),"Frequently (Every other day, 50% of the time or more)",Sometimes (Less than 50% of the time),"Yes, counseling",Somewhat optimistic,"Yes, I tested positive",I will decline a COVID-19 vaccination.,
493,31,Male,White,"Bachelor's degree (e.g., BA, BS)",Democrat,,Remote Education,"$40,000 to $79,999",Somewhat pessimistic,Sometimes (Less than 50% of the time),Sometimes (Less than 50% of the time),Rarely (Only a few times in the month),"Frequently (Every other day, 50% of the time or more)","Yes, counseling",Indifferent,No,January 2021,
509,35,Female,White,"Bachelor's degree (e.g., BA, BS)",Democrat,,Work from home,"$40,000 to $79,999",Indifferent,Sometimes (Less than 50% of the time),Sometimes (Less than 50% of the time),Sometimes (Less than 50% of the time),Rarely (Only a few times in the month),"No, but thinking about seeking such services in the near future",Very pessimistic,"Maybe, I had symptoms but did not get tested",January 2021,
126,30,Male,White,"Associate's degree (e.g., AA, AS)",Independent,,Work from home,"$10,000 to $39,999",Very pessimistic,Sometimes (Less than 50% of the time),Sometimes (Less than 50% of the time),Rarely (Only a few times in the month),Sometimes (Less than 50% of the time),"No, and not thinking about seeking such services in the near future",Somewhat pessimistic,No,March 2021,
277,32,Male,White,"Post-bachelor's degree (e.g., MA, MS, MEng, MEd, MSW, MBA, MD, DDS, DVM, LLB, JD, PhD, EdD)",Other,Socialist,"Remote Education,Work from home","$10,000 to $39,999",Very pessimistic,Rarely (Only a few times in the month),Rarely (Only a few times in the month),Not at all,Not at all,"No, and not thinking about seeking such services in the near future",Somewhat optimistic,No,June 2021,
127,28,Female,White,"Post-bachelor's degree (e.g., MA, MS, MEng, MEd, MSW, MBA, MD, DDS, DVM, LLB, JD, PhD, EdD)",Democrat,,Work from home,"$80,000 to $119,999",Somewhat optimistic,Not at all,Sometimes (Less than 50% of the time),Not at all,Sometimes (Less than 50% of the time),"No, and not thinking about seeking such services in the near future",Indifferent,No,August 2021,
172,35,Female,White,"Bachelor's degree (e.g., BA, BS)",Republican,,"Remote Education,Work from home","$40,000 to $79,999",Somewhat optimistic,"Frequently (Every other day, 50% of the time or more)",Sometimes (Less than 50% of the time),Sometimes (Less than 50% of the time),Sometimes (Less than 50% of the time),"Yes, counseling and prescription drugs",Somewhat optimistic,No,January 2021,
187,47,Female,White,"Bachelor's degree (e.g., BA, BS)",Republican,,Other,"$80,000 to $119,999",Indifferent,Sometimes (Less than 50% of the time),Rarely (Only a few times in the month),"Frequently (Every other day, 50% of the time or more)",Rarely (Only a few times in the month),"Yes, counseling and prescription drugs",Indifferent,"Maybe, I had symptoms but did not get tested",June 2021,
196,39,Female,White,"Bachelor's degree (e.g., BA, BS)",Republican,,Non-remote working,"$40,000 to $79,999",Somewhat optimistic,Rarely (Only a few times in the month),"Frequently (Every other day, 50% of the time or more)",Not at all,Rarely (Only a few times in the month),"No, and not thinking about seeking such services in the near future",Somewhat pessimistic,No,February 2021,
617,44,Female,White,High school diploma or GED,Democrat,,Non-remote working,"$40,000 to $79,999",Somewhat optimistic,Rarely (Only a few times in the month),Not at all,Not at all,Not at all,"Yes, counseling",Somewhat optimistic,No,March 2021,
197,35,Male,White,"Bachelor's degree (e.g., BA, BS)",Republican,,Remote Education,"$40,000 to $79,999",Somewhat optimistic,Not at all,Not at all,Not at all,Not at all,"No, and not thinking about seeking such services in the near future",Somewhat optimistic,No,December 2020,
949,54,Female,White,"Post-bachelor's degree (e.g., MA, MS, MEng, MEd, MSW, MBA, MD, DDS, DVM, LLB, JD, PhD, EdD)",Republican,,Work from home,"$120,000 to $159,999",Somewhat optimistic,Not at all,Rarely (Only a few times in the month),Not at all,Rarely (Only a few times in the month),"No, and not thinking about seeking such services in the near future",Very optimistic,No,April 2021,
983,29,Male,White,"Bachelor's degree (e.g., BA, BS)",Democrat,,Unemployed before COVID-19,"$0 to $9,999",Somewhat optimistic,Sometimes (Less than 50% of the time),Sometimes (Less than 50% of the time),Rarely (Only a few times in the month),Rarely (Only a few times in the month),"No, and not thinking about seeking such services in the near future",Indifferent,No,April 2021,
467,27,Male,American Indian/Alaskan Native,"Bachelor's degree (e.g., BA, BS)",Republican,,In-person Education,"$10,000 to $39,999",Somewhat pessimistic,Rarely (Only a few times in the month),Not at all,Rarely (Only a few times in the month),Rarely (Only a few times in the month),"No, and not thinking about seeking such services in the near future",Somewhat pessimistic,No,January 2021,
259,27,Female,White,"Bachelor's degree (e.g., BA, BS)",Independent,,Remote Education,"$10,000 to $39,999",Somewhat pessimistic,Rarely (Only a few times in the month),Sometimes (Less than 50% of the time),Sometimes (Less than 50% of the time),Rarely (Only a few times in the month),"Yes, counseling and prescription drugs",Very pessimistic,"Yes, I tested positive",February 2021,
162,29,Male,White,"Bachelor's degree (e.g., BA, BS)",Republican,,Work from home,"$80,000 to $119,999",Somewhat optimistic,Rarely (Only a few times in the month),Rarely (Only a few times in the month),Not at all,Not at all,"No, and not thinking about seeking such services in the near future",Very optimistic,No,March 2021,
1029,34,Female,Hispanic/Latino,"Bachelor's degree (e.g., BA, BS)",Independent,,Non-remote working,"$40,000 to $79,999",Somewhat optimistic,Not at all,Not at all,Not at all,Not at all,"No, and not thinking about seeking such services in the near future",Somewhat optimistic,No,January 2021,
178,40,Female,"Asian,White","Bachelor's degree (e.g., BA, BS)",Independent,,Work from home,"$40,000 to $79,999",Somewhat pessimistic,Sometimes (Less than 50% of the time),"Frequently (Every other day, 50% of the time or more)",Sometimes (Less than 50% of the time),"Frequently (Every other day, 50% of the time or more)","No, and not thinking about seeking such services in the near future",Somewhat pessimistic,No,June 2021,
350,48,Male,Black/African American,"Bachelor's degree (e.g., BA, BS)",Democrat,,Work from home,"$40,000 to $79,999",Somewhat optimistic,Not at all,Sometimes (Less than 50% of the time),Not at all,Rarely (Only a few times in the month),"No, and not thinking about seeking such services in the near future",Indifferent,No,March 2021,
137,29,Male,Black/African American,"Bachelor's degree (e.g., BA, BS)",Republican,,"Unemployed before COVID-19,Recently unemployed due to COVID-19","$40,000 to $79,999",Somewhat optimistic,Sometimes (Less than 50% of the time),"Frequently (Every other day, 50% of the time or more)","Frequently (Every other day, 50% of the time or more)",Sometimes (Less than 50% of the time),"Yes, prescription drugs",Very pessimistic,"Yes, I tested positive",I will decline a COVID-19 vaccination.,
1192,29,Female,White,"Post-bachelor's degree (e.g., MA, MS, MEng, MEd, MSW, MBA, MD, DDS, DVM, LLB, JD, PhD, EdD)",Democrat,,Work from home,"$80,000 to $119,999",Somewhat pessimistic,Rarely (Only a few times in the month),Constantly (Nearly every day or every day),Rarely (Only a few times in the month),"Frequently (Every other day, 50% of the time or more)","No, but thinking about seeking such services in the near future",Somewhat pessimistic,No,August 2021,
206,57,Female,White,"Bachelor's degree (e.g., BA, BS)",Democrat,,In-person Education,"$40,000 to $79,999",Very pessimistic,Sometimes (Less than 50% of the time),Sometimes (Less than 50% of the time),Not at all,"Frequently (Every other day, 50% of the time or more)","No, but thinking about seeking such services in the near future",Very optimistic,"Yes, I tested positive",August 2021,
151,36,Male,"Hispanic/Latino,White","Bachelor's degree (e.g., BA, BS)",Democrat,,Non-remote working,"$40,000 to $79,999",Somewhat pessimistic,Rarely (Only a few times in the month),Sometimes (Less than 50% of the time),Not at all,Not at all,"No, and not thinking about seeking such services in the near future",Indifferent,No,April 2021,
229,58,Male,White,"Post-bachelor's degree (e.g., MA, MS, MEng, MEd, MSW, MBA, MD, DDS, DVM, LLB, JD, PhD, EdD)",Democrat,,Work from home,"$40,000 to $79,999",Indifferent,Not at all,Rarely (Only a few times in the month),Not at all,Not at all,"No, and not thinking about seeking such services in the near future",Somewhat optimistic,No,June 2021,
168,23,Female,White,"Bachelor's degree (e.g., BA, BS)",Democrat,,Work from home,"$80,000 to $119,999",Somewhat pessimistic,Rarely (Only a few times in the month),Sometimes (Less than 50% of the time),Rarely (Only a few times in the month),Sometimes (Less than 50% of the time),"Yes, counseling and prescription drugs",Somewhat pessimistic,No,April 2021,
129,28,Female,White,"Bachelor's degree (e.g., BA, BS)",Democrat,,Work from home,"$80,000 to $119,999",Indifferent,Sometimes (Less than 50% of the time),Sometimes (Less than 50% of the time),"Frequently (Every other day, 50% of the time or more)",Rarely (Only a few times in the month),"Yes, prescription drugs",Indifferent,"Maybe, I had symptoms but did not get tested",February 2021,
433,28,Female,White,"Bachelor's degree (e.g., BA, BS)",Republican,,"In-person Education,Unemployed before COVID-19","$10,000 to $39,999",Somewhat pessimistic,Sometimes (Less than 50% of the time),Rarely (Only a few times in the month),"Frequently (Every other day, 50% of the time or more)",Sometimes (Less than 50% of the time),"Yes, counseling",Somewhat pessimistic,"Maybe, I had symptoms but did not get tested",December 2020,
615,61,Male,"Asian,White","Associate's degree (e.g., AA, AS)",Republican,,Work from home,"$40,000 to $79,999",Very pessimistic,Sometimes (Less than 50% of the time),Not at all,Rarely (Only a few times in the month),Sometimes (Less than 50% of the time),"No, and not thinking about seeking such services in the near future",Somewhat pessimistic,No,February 2021,
272,47,Male,White,"Bachelor's degree (e.g., BA, BS)",Democrat,,"Remote Education,In-person Education,Recently paused/terminated education to COVID-19 related reasons,Work from home","$40,000 to $79,999",Somewhat optimistic,Rarely (Only a few times in the month),Sometimes (Less than 50% of the time),Rarely (Only a few times in the month),Rarely (Only a few times in the month),"Yes, counseling",Somewhat optimistic,"Maybe, I had symptoms but did not get tested",December 2021,
273,39,Male,"American Indian/Alaskan Native,White",High school diploma or GED,Democrat,,Work from home,"$200,000 to $249,999",Indifferent,Sometimes (Less than 50% of the time),Not at all,Not at all,Not at all,"No, and not thinking about seeking such services in the near future",Somewhat optimistic,No,March 2021,
639,63,Male,White,"Bachelor's degree (e.g., BA, BS)",Democrat,,Work from home,"$10,000 to $39,999",Somewhat pessimistic,Rarely (Only a few times in the month),Sometimes (Less than 50% of the time),Not at all,Not at all,"No, and not thinking about seeking such services in the near future",Somewhat optimistic,No,April 2021,Moderately interested (3)
210,37,Male,White,"Bachelor's degree (e.g., BA, BS)",Republican,,Work from home,"$40,000 to $79,999",Very pessimistic,Sometimes (Less than 50% of the time),Constantly (Nearly every day or every day),"Frequently (Every other day, 50% of the time or more)",Sometimes (Less than 50% of the time),"Yes, counseling and prescription drugs",Very pessimistic,"Yes, I tested positive",February 2021,
128,47,Female,White,"Bachelor's degree (e.g., BA, BS)",Republican,,Work from home,"$160,000 to $199,999",Somewhat optimistic,Rarely (Only a few times in the month),"Frequently (Every other day, 50% of the time or more)",Not at all,Not at all,"No, and not thinking about seeking such services in the near future",Somewhat optimistic,No,February 2021,
1331,37,Male,White,"Bachelor's degree (e.g., BA, BS)",Democrat,,"Work from home,Recently unemployed due to COVID-19","$80,000 to $119,999",Somewhat optimistic,"Frequently (Every other day, 50% of the time or more)","Frequently (Every other day, 50% of the time or more)",Constantly (Nearly every day or every day),"Frequently (Every other day, 50% of the time or more)","Yes, counseling",Very optimistic,"Yes, I tested positive",December 2020,
170,32,Male,White,"Associate's degree (e.g., AA, AS)",Democrat,,Work from home,"$40,000 to $79,999",Somewhat pessimistic,Sometimes (Less than 50% of the time),Sometimes (Less than 50% of the time),Not at all,Rarely (Only a few times in the month),"No, and not thinking about seeking such services in the near future",Indifferent,No,August 2021,
243,24,Female,Black/African American,"Bachelor's degree (e.g., BA, BS)",Democrat,,Work from home,"$40,000 to $79,999",Indifferent,Not at all,"Frequently (Every other day, 50% of the time or more)",Not at all,Sometimes (Less than 50% of the time),"No, but thinking about seeking such services in the near future",Somewhat optimistic,No,I will decline a COVID-19 vaccination.,
975,36,Male,White,Some college credit,Democrat,,Non-remote working,"$10,000 to $39,999",Somewhat pessimistic,Rarely (Only a few times in the month),Sometimes (Less than 50% of the time),Not at all,Not at all,"Yes, counseling",Somewhat pessimistic,No,April 2021,
78,28,Female,White,"Post-bachelor's degree (e.g., MA, MS, MEng, MEd, MSW, MBA, MD, DDS, DVM, LLB, JD, PhD, EdD)",Democrat,,In-person Education,"$80,000 to $119,999",Very optimistic,Sometimes (Less than 50% of the time),Sometimes (Less than 50% of the time),"Frequently (Every other day, 50% of the time or more)","Frequently (Every other day, 50% of the time or more)","Yes, counseling and prescription drugs",Indifferent,"Maybe, I had symptoms but did not get tested",January 2021,
515,24,Female,White,"Associate's degree (e.g., AA, AS)",Republican,,Work from home,"$10,000 to $39,999",Somewhat pessimistic,Sometimes (Less than 50% of the time),Sometimes (Less than 50% of the time),Sometimes (Less than 50% of the time),Sometimes (Less than 50% of the time),"Yes, counseling and prescription drugs",Somewhat pessimistic,No,April 2021,Very interested (2)
236,39,Female,White,Some college credit,Democrat,,Work from home,"$10,000 to $39,999",Indifferent,Sometimes (Less than 50% of the time),Rarely (Only a few times in the month),Sometimes (Less than 50% of the time),Not at all,"No, and not thinking about seeking such services in the near future",Somewhat optimistic,No,I will decline a COVID-19 vaccination.,
567,62,Male,White,"Bachelor's degree (e.g., BA, BS)",Republican,,Work from home,"$40,000 to $79,999",Very optimistic,Sometimes (Less than 50% of the time),Rarely (Only a few times in the month),Sometimes (Less than 50% of the time),Rarely (Only a few times in the month),"Yes, counseling",Very optimistic,"Yes, I tested positive",March 2021,
101,29,Male,White,Some college credit,Republican,,Non-remote working,"$10,000 to $39,999",Somewhat pessimistic,Sometimes (Less than 50% of the time),Rarely (Only a few times in the month),Rarely (Only a few times in the month),Sometimes (Less than 50% of the time),"No, but thinking about seeking such services in the near future",Indifferent,No,March 2021,
228,34,Female,Black/African American,"Post-bachelor's degree (e.g., MA, MS, MEng, MEd, MSW, MBA, MD, DDS, DVM, LLB, JD, PhD, EdD)",Democrat,,Non-remote working,"$40,000 to $79,999",Somewhat optimistic,"Frequently (Every other day, 50% of the time or more)","Frequently (Every other day, 50% of the time or more)",Sometimes (Less than 50% of the time),Sometimes (Less than 50% of the time),"No, and not thinking about seeking such services in the near future",Indifferent,No,I will decline a COVID-19 vaccination.,Moderately interested (3)
273,27,Female,White,"Post-bachelor's degree (e.g., MA, MS, MEng, MEd, MSW, MBA, MD, DDS, DVM, LLB, JD, PhD, EdD)",Democrat,,Work from home,"$10,000 to $39,999",Somewhat optimistic,Sometimes (Less than 50% of the time),Rarely (Only a few times in the month),"Frequently (Every other day, 50% of the time or more)",Sometimes (Less than 50% of the time),"No, and not thinking about seeking such services in the near future",Somewhat pessimistic,No,January 2021,Moderately interested (3)
202,28,Other/Prefer not to say,Black/African American,Some college credit,Democrat,,Prefer not to say,"$40,000 to $79,999",Indifferent,"Frequently (Every other day, 50% of the time or more)",Sometimes (Less than 50% of the time),Sometimes (Less than 50% of the time),Rarely (Only a few times in the month),"No, and not thinking about seeking such services in the near future",Indifferent,No,I will decline a COVID-19 vaccination.,
39,34,Male,Black/African American,"Bachelor's degree (e.g., BA, BS)",Democrat,,Recently unemployed due to COVID-19,"$40,000 to $79,999",Very optimistic,Constantly (Nearly every day or every day),"Frequently (Every other day, 50% of the time or more)",Rarely (Only a few times in the month),"Frequently (Every other day, 50% of the time or more)","Yes, counseling and prescription drugs",Very pessimistic,"Yes, I tested positive",April 2021,
87,25,Female,White,"Bachelor's degree (e.g., BA, BS)",Democrat,,Work from home,"$120,000 to $159,999",Indifferent,Rarely (Only a few times in the month),Constantly (Nearly every day or every day),Sometimes (Less than 50% of the time),Not at all,"No, but thinking about seeking such services in the near future",Indifferent,"Maybe, I had symptoms but did not get tested",February 2021,
254,37,Female,White,High school diploma or GED,Independent,,Work from home,"$80,000 to $119,999",Somewhat pessimistic,Sometimes (Less than 50% of the time),Rarely (Only a few times in the month),Rarely (Only a few times in the month),Sometimes (Less than 50% of the time),"No, but thinking about seeking such services in the near future",Somewhat optimistic,"Maybe, I had symptoms but did not get tested",December 2021,
593,29,Male,White,High school diploma or GED,Republican,,In-person Education,"$40,000 to $79,999",Indifferent,Sometimes (Less than 50% of the time),Rarely (Only a few times in the month),Rarely (Only a few times in the month),Not at all,"Yes, counseling and prescription drugs",Somewhat optimistic,No,January 2021,
249,27,Female,Hispanic/Latino,"Post-bachelor's degree (e.g., MA, MS, MEng, MEd, MSW, MBA, MD, DDS, DVM, LLB, JD, PhD, EdD)",Republican,,Work from home,"$40,000 to $79,999",Somewhat pessimistic,"Frequently (Every other day, 50% of the time or more)","Frequently (Every other day, 50% of the time or more)","Frequently (Every other day, 50% of the time or more)",Sometimes (Less than 50% of the time),"Yes, counseling",Very pessimistic,"Yes, I tested positive",I will decline a COVID-19 vaccination.,
247,58,Male,Black/African American,"Bachelor's degree (e.g., BA, BS)",Democrat,,Work from home,"$40,000 to $79,999",Very pessimistic,Rarely (Only a few times in the month),Sometimes (Less than 50% of the time),Sometimes (Less than 50% of the time),"Frequently (Every other day, 50% of the time or more)","Yes, counseling and prescription drugs",Very pessimistic,"Yes, I tested positive",December 2020,
319,43,Female,Hispanic/Latino,"Bachelor's degree (e.g., BA, BS)",Republican,,Work from home,"$40,000 to $79,999",Somewhat pessimistic,Not at all,Rarely (Only a few times in the month),Rarely (Only a few times in the month),Sometimes (Less than 50% of the time),"No, but thinking about seeking such services in the near future",Somewhat pessimistic,"Maybe, I had symptoms but did not get tested",February 2021,
184,46,Male,White,High school diploma or GED,Republican,,Non-remote working,"$10,000 to $39,999",Somewhat pessimistic,Not at all,Rarely (Only a few times in the month),Not at all,Not at all,"No, and not thinking about seeking such services in the near future",Indifferent,No,I will decline a COVID-19 vaccination.,Moderately interested (3)
152,26,Female,Asian,"Bachelor's degree (e.g., BA, BS)",Independent,,Work from home,"$80,000 to $119,999",Somewhat pessimistic,Rarely (Only a few times in the month),Rarely (Only a few times in the month),Rarely (Only a few times in the month),Rarely (Only a few times in the month),"Yes, counseling",Somewhat pessimistic,No,August 2021,
311,34,Male,White,"Bachelor's degree (e.g., BA, BS)",Democrat,,"Remote Education,In-person Education","$80,000 to $119,999",Somewhat pessimistic,Rarely (Only a few times in the month),"Frequently (Every other day, 50% of the time or more)","Frequently (Every other day, 50% of the time or more)",Sometimes (Less than 50% of the time),"Yes, prescription drugs",Somewhat pessimistic,No,January 2021,
2433,70,Male,White,"Post-bachelor's degree (e.g., MA, MS, MEng, MEd, MSW, MBA, MD, DDS, DVM, LLB, JD, PhD, EdD)",Democrat,,Work from home,"$10,000 to $39,999",Somewhat pessimistic,Rarely (Only a few times in the month),Sometimes (Less than 50% of the time),Rarely (Only a few times in the month),Sometimes (Less than 50% of the time),"No, and not thinking about seeking such services in the near future",Somewhat optimistic,No,February 2021,
173,39,Male,Hispanic/Latino,"Bachelor's degree (e.g., BA, BS)",Republican,,"Work from home,Non-remote working","$80,000 to $119,999",Indifferent,Rarely (Only a few times in the month),Rarely (Only a few times in the month),Sometimes (Less than 50% of the time),Sometimes (Less than 50% of the time),"No, and not thinking about seeking such services in the near future",Indifferent,No,I will decline a COVID-19 vaccination.,
1242,38,Male,White,"Post-bachelor's degree (e.g., MA, MS, MEng, MEd, MSW, MBA, MD, DDS, DVM, LLB, JD, PhD, EdD)",Democrat,,Work from home,"$10,000 to $39,999",Somewhat pessimistic,Sometimes (Less than 50% of the time),Rarely (Only a few times in the month),"Frequently (Every other day, 50% of the time or more)",Not at all,"No, and not thinking about seeking such services in the near future",Somewhat pessimistic,No,February 2021,
446,30,Female,White,"Bachelor's degree (e.g., BA, BS)",Independent,,Work from home,"$10,000 to $39,999",Somewhat optimistic,Sometimes (Less than 50% of the time),Rarely (Only a few times in the month),Sometimes (Less than 50% of the time),Not at all,"No, and not thinking about seeking such services in the near future",Very optimistic,No,January 2021,
116,38,Male,White,"Bachelor's degree (e.g., BA, BS)",Republican,,Non-remote working,"$40,000 to $79,999",Somewhat optimistic,Rarely (Only a few times in the month),Sometimes (Less than 50% of the time),Rarely (Only a few times in the month),Rarely (Only a few times in the month),"No, and not thinking about seeking such services in the near future",Somewhat pessimistic,"Maybe, I had symptoms but did not get tested",I will decline a COVID-19 vaccination.,
186,38,Male,White,"Bachelor's degree (e.g., BA, BS)",Democrat,,Non-remote working,"$40,000 to $79,999",Somewhat pessimistic,"Frequently (Every other day, 50% of the time or more)",Constantly (Nearly every day or every day),Sometimes (Less than 50% of the time),Sometimes (Less than 50% of the time),"No, but thinking about seeking such services in the near future",Very pessimistic,No,November 2021,
189,33,Male,White,"Bachelor's degree (e.g., BA, BS)",Independent,,Work from home,"$10,000 to $39,999",Somewhat optimistic,Rarely (Only a few times in the month),Sometimes (Less than 50% of the time),Rarely (Only a few times in the month),Rarely (Only a few times in the month),"Yes, counseling",Somewhat optimistic,No,April 2021,
89,30,Male,White,"Bachelor's degree (e.g., BA, BS)",Republican,,Work from home,"$40,000 to $79,999",Somewhat pessimistic,Sometimes (Less than 50% of the time),Sometimes (Less than 50% of the time),Sometimes (Less than 50% of the time),Rarely (Only a few times in the month),"No, and not thinking about seeking such services in the near future",Somewhat pessimistic,No,I will decline a COVID-19 vaccination.,
158,37,Female,White,"Bachelor's degree (e.g., BA, BS)",Democrat,,Work from home,"$10,000 to $39,999",Somewhat pessimistic,Sometimes (Less than 50% of the time),Sometimes (Less than 50% of the time),Not at all,Not at all,"Yes, counseling and prescription drugs",Somewhat pessimistic,No,April 2021,
207,58,Male,White,"Bachelor's degree (e.g., BA, BS)",Democrat,,Non-remote working,"$40,000 to $79,999",Somewhat optimistic,Sometimes (Less than 50% of the time),"Frequently (Every other day, 50% of the time or more)",Rarely (Only a few times in the month),Sometimes (Less than 50% of the time),"No, and not thinking about seeking such services in the near future",Somewhat pessimistic,No,February 2021,
113,34,Male,White,"Bachelor's degree (e.g., BA, BS)",Democrat,,"Remote Education,In-person Education","$80,000 to $119,999",Somewhat pessimistic,Sometimes (Less than 50% of the time),Rarely (Only a few times in the month),Sometimes (Less than 50% of the time),Sometimes (Less than 50% of the time),"No, and not thinking about seeking such services in the near future",Somewhat pessimistic,No,December 2020,
103,24,Other/Prefer not to say,"Asian,Prefer not to say",High school diploma or GED,Republican,,Prefer not to say,"$40,000 to $79,999",Indifferent,Rarely (Only a few times in the month),"Frequently (Every other day, 50% of the time or more)",Rarely (Only a few times in the month),Constantly (Nearly every day or every day),"Yes, counseling",Indifferent,"Maybe, I had symptoms but did not get tested",April 2021,
388,30,Male,Black/African American,"Bachelor's degree (e.g., BA, BS)",Democrat,,Work from home,"$40,000 to $79,999",Somewhat optimistic,Rarely (Only a few times in the month),Rarely (Only a few times in the month),Sometimes (Less than 50% of the time),Sometimes (Less than 50% of the time),"No, and not thinking about seeking such services in the near future",Somewhat pessimistic,No,January 2021,
88,39,Male,White,"Post-bachelor's degree (e.g., MA, MS, MEng, MEd, MSW, MBA, MD, DDS, DVM, LLB, JD, PhD, EdD)",Democrat,,Non-remote working,"$10,000 to $39,999",Somewhat pessimistic,Rarely (Only a few times in the month),Rarely (Only a few times in the month),Rarely (Only a few times in the month),Rarely (Only a few times in the month),"No, and not thinking about seeking such services in the near future",Somewhat optimistic,No,June 2021,
380,39,Male,Black/African American,High school diploma or GED,Independent,,Work from home,"$40,000 to $79,999",Somewhat optimistic,Not at all,Not at all,Not at all,Not at all,"No, and not thinking about seeking such services in the near future",Somewhat optimistic,No,I will decline a COVID-19 vaccination.,
177,49,Female,White,"Bachelor's degree (e.g., BA, BS)",Republican,,Work from home,"$80,000 to $119,999",Very optimistic,"Frequently (Every other day, 50% of the time or more)","Frequently (Every other day, 50% of the time or more)","Frequently (Every other day, 50% of the time or more)","Frequently (Every other day, 50% of the time or more)","Yes, counseling and prescription drugs",Very pessimistic,No,March 2021,
2839,24,Male,White,"Bachelor's degree (e.g., BA, BS)",Republican,,Work from home,"$40,000 to $79,999",Somewhat optimistic,Not at all,Not at all,Not at all,Not at all,"No, and not thinking about seeking such services in the near future",Very optimistic,No,April 2021,Very interested (2)
61,49,Male,White,"Bachelor's degree (e.g., BA, BS)",Republican,,Remote Education,"$40,000 to $79,999",Very pessimistic,Sometimes (Less than 50% of the time),"Frequently (Every other day, 50% of the time or more)","Frequently (Every other day, 50% of the time or more)","Frequently (Every other day, 50% of the time or more)","No, but thinking about seeking such services in the near future",Somewhat optimistic,"Yes, I tested positive",Some time in 2022 or later,
165,44,Female,Hispanic/Latino,"Bachelor's degree (e.g., BA, BS)",Republican,,Work from home,"$40,000 to $79,999",Somewhat optimistic,"Frequently (Every other day, 50% of the time or more)",Sometimes (Less than 50% of the time),Sometimes (Less than 50% of the time),"Frequently (Every other day, 50% of the time or more)","Yes, counseling and prescription drugs",Somewhat optimistic,No,July 2021,
267,28,Female,White,High school diploma or GED,Independent,,Work from home,"$80,000 to $119,999",Somewhat pessimistic,Not at all,Rarely (Only a few times in the month),Rarely (Only a few times in the month),"Frequently (Every other day, 50% of the time or more)","No, and not thinking about seeking such services in the near future",Somewhat optimistic,"Yes, I tested positive",September 2021,
194,27,Male,White,High school diploma or GED,Other,Green,Work from home,"$10,000 to $39,999",Very pessimistic,Constantly (Nearly every day or every day),Constantly (Nearly every day or every day),Constantly (Nearly every day or every day),Constantly (Nearly every day or every day),"No, and not thinking about seeking such services in the near future",Very pessimistic,No,Some time in 2022 or later,
96,26,Male,Asian,"Associate's degree (e.g., AA, AS)",Independent,,Work from home,"$40,000 to $79,999",Very pessimistic,Constantly (Nearly every day or every day),Constantly (Nearly every day or every day),Constantly (Nearly every day or every day),Constantly (Nearly every day or every day),"No, and not thinking about seeking such services in the near future",Very pessimistic,No,January 2021,Extremely interested (1)
847,40,Female,White,Some college credit,Democrat,,Work from home,"$40,000 to $79,999",Somewhat pessimistic,Sometimes (Less than 50% of the time),"Frequently (Every other day, 50% of the time or more)",Sometimes (Less than 50% of the time),"Frequently (Every other day, 50% of the time or more)","No, but thinking about seeking such services in the near future",Indifferent,No,June 2021,
639,24,Female,Asian,"Post-bachelor's degree (e.g., MA, MS, MEng, MEd, MSW, MBA, MD, DDS, DVM, LLB, JD, PhD, EdD)",Democrat,,Non-remote working,"$40,000 to $79,999",Very pessimistic,"Frequently (Every other day, 50% of the time or more)",Constantly (Nearly every day or every day),"Frequently (Every other day, 50% of the time or more)",Constantly (Nearly every day or every day),"No, and not thinking about seeking such services in the near future",Very pessimistic,"Maybe, I had symptoms but did not get tested",September 2021,
2084,26,Male,White,"Associate's degree (e.g., AA, AS)",Independent,,"Remote Education,Work from home","$80,000 to $119,999",Somewhat optimistic,Sometimes (Less than 50% of the time),Sometimes (Less than 50% of the time),Sometimes (Less than 50% of the time),"Frequently (Every other day, 50% of the time or more)","No, and not thinking about seeking such services in the near future",Indifferent,No,I will decline a COVID-19 vaccination.,
175,46,Female,White,"Bachelor's degree (e.g., BA, BS)",Republican,,Work from home,"$40,000 to $79,999",Somewhat optimistic,Rarely (Only a few times in the month),Sometimes (Less than 50% of the time),Not at all,Not at all,"No, and not thinking about seeking such services in the near future",Very optimistic,No,June 2021,
155,54,Male,White,"Bachelor's degree (e.g., BA, BS)",Republican,,Remote Education,"$10,000 to $39,999",Very optimistic,Constantly (Nearly every day or every day),Constantly (Nearly every day or every day),"Frequently (Every other day, 50% of the time or more)",Constantly (Nearly every day or every day),"Yes, counseling and prescription drugs",Very optimistic,"Yes, I tested positive",December 2020,
205,32,Male,White,High school diploma or GED,Independent,,Recently unemployed due to COVID-19,"$40,000 to $79,999",Indifferent,Rarely (Only a few times in the month),Rarely (Only a few times in the month),Sometimes (Less than 50% of the time),"Frequently (Every other day, 50% of the time or more)","No, and not thinking about seeking such services in the near future",Somewhat pessimistic,"Maybe, I had symptoms but did not get tested",February 2021,
205,30,Male,Black/African American,"Bachelor's degree (e.g., BA, BS)",Democrat,,Work from home,"$40,000 to $79,999",Indifferent,Rarely (Only a few times in the month),Not at all,Sometimes (Less than 50% of the time),"Frequently (Every other day, 50% of the time or more)","Yes, counseling",Very pessimistic,"Yes, I tested positive",I will decline a COVID-19 vaccination.,
145,55,Male,White,"Bachelor's degree (e.g., BA, BS)",Democrat,,"Remote Education,Recently unemployed due to COVID-19","$120,000 to $159,999",Somewhat pessimistic,Rarely (Only a few times in the month),Sometimes (Less than 50% of the time),Sometimes (Less than 50% of the time),Sometimes (Less than 50% of the time),"Yes, counseling and prescription drugs",Somewhat pessimistic,"Yes, I tested positive",December 2020,
148,35,Other/Prefer not to say,White,Some college credit,Democrat,,Prefer not to say,"$40,000 to $79,999",Very pessimistic,Sometimes (Less than 50% of the time),Sometimes (Less than 50% of the time),Rarely (Only a few times in the month),Sometimes (Less than 50% of the time),"No, and not thinking about seeking such services in the near future",Somewhat pessimistic,No,August 2021,
263,30,Female,White,"Post-bachelor's degree (e.g., MA, MS, MEng, MEd, MSW, MBA, MD, DDS, DVM, LLB, JD, PhD, EdD)",Republican,,Work from home,"$10,000 to $39,999",Somewhat optimistic,Rarely (Only a few times in the month),Rarely (Only a few times in the month),"Frequently (Every other day, 50% of the time or more)","Frequently (Every other day, 50% of the time or more)","Yes, prescription drugs",Indifferent,No,January 2021,
345,35,Male,White,"Bachelor's degree (e.g., BA, BS)",Democrat,,Work from home,"$80,000 to $119,999",Somewhat optimistic,Rarely (Only a few times in the month),Rarely (Only a few times in the month),Sometimes (Less than 50% of the time),Rarely (Only a few times in the month),"No, and not thinking about seeking such services in the near future",Very optimistic,No,January 2021,
349,74,Female,White,"Bachelor's degree (e.g., BA, BS)",Independent,,Work from home,"$10,000 to $39,999",Very pessimistic,Sometimes (Less than 50% of the time),Sometimes (Less than 50% of the time),Rarely (Only a few times in the month),"Frequently (Every other day, 50% of the time or more)","No, and not thinking about seeking such services in the near future",Very pessimistic,No,February 2021,
215,32,Male,Asian,"Bachelor's degree (e.g., BA, BS)",Democrat,,Work from home,"$40,000 to $79,999",Somewhat pessimistic,Rarely (Only a few times in the month),Rarely (Only a few times in the month),Rarely (Only a few times in the month),Rarely (Only a few times in the month),"No, and not thinking about seeking such services in the near future",Indifferent,No,February 2021,
308,36,Male,Asian,"Bachelor's degree (e.g., BA, BS)",Democrat,,Work from home,"$40,000 to $79,999",Somewhat optimistic,Not at all,Sometimes (Less than 50% of the time),Rarely (Only a few times in the month),Sometimes (Less than 50% of the time),"No, and not thinking about seeking such services in the near future",Indifferent,No,April 2021,
183,27,Male,Hispanic/Latino,High school diploma or GED,Democrat,,Non-remote working,"$80,000 to $119,999",Somewhat optimistic,Sometimes (Less than 50% of the time),Sometimes (Less than 50% of the time),Sometimes (Less than 50% of the time),Not at all,"No, and not thinking about seeking such services in the near future",Somewhat optimistic,"Maybe, I had symptoms but did not get tested",February 2021,
231,31,Male,Hispanic/Latino,"Associate's degree (e.g., AA, AS)",Republican,,Non-remote working,"$80,000 to $119,999",Somewhat optimistic,Sometimes (Less than 50% of the time),Sometimes (Less than 50% of the time),Sometimes (Less than 50% of the time),Sometimes (Less than 50% of the time),"No, and not thinking about seeking such services in the near future",Somewhat optimistic,No,December 2020,
271,48,Female,White,"Post-bachelor's degree (e.g., MA, MS, MEng, MEd, MSW, MBA, MD, DDS, DVM, LLB, JD, PhD, EdD)",Democrat,,Non-remote working,"$80,000 to $119,999",Somewhat optimistic,Rarely (Only a few times in the month),"Frequently (Every other day, 50% of the time or more)",Not at all,Rarely (Only a few times in the month),"No, but thinking about seeking such services in the near future",Somewhat pessimistic,No,June 2021,Very interested (2)
134,30,Male,White,"Bachelor's degree (e.g., BA, BS)",Democrat,,Work from home,"$40,000 to $79,999",Somewhat pessimistic,Rarely (Only a few times in the month),"Frequently (Every other day, 50% of the time or more)",Rarely (Only a few times in the month),"Frequently (Every other day, 50% of the time or more)","No, but thinking about seeking such services in the near future",Somewhat pessimistic,No,June 2021,
173,34,Male,American Indian/Alaskan Native,"Bachelor's degree (e.g., BA, BS)",Democrat,,"Remote Education,In-person Education,Work from home","$80,000 to $119,999",Very pessimistic,"Frequently (Every other day, 50% of the time or more)","Frequently (Every other day, 50% of the time or more)",Sometimes (Less than 50% of the time),Sometimes (Less than 50% of the time),"Yes, prescription drugs",Somewhat pessimistic,No,February 2021,Very interested (2)
115,25,Male,White,"Bachelor's degree (e.g., BA, BS)",Democrat,,"In-person Education,Work from home,Prefer not to say","$40,000 to $79,999",Very pessimistic,Rarely (Only a few times in the month),Sometimes (Less than 50% of the time),"Frequently (Every other day, 50% of the time or more)",Sometimes (Less than 50% of the time),"Yes, counseling and prescription drugs",Somewhat pessimistic,"Yes, I tested positive",March 2021,
219,44,Male,White,"Bachelor's degree (e.g., BA, BS)",Republican,,Work from home,"$40,000 to $79,999",Somewhat pessimistic,Rarely (Only a few times in the month),Sometimes (Less than 50% of the time),Rarely (Only a few times in the month),Sometimes (Less than 50% of the time),"Yes, counseling and prescription drugs",Somewhat pessimistic,No,January 2021,
248,61,Male,White,"Bachelor's degree (e.g., BA, BS)",Democrat,,Work from home,"$10,000 to $39,999",Indifferent,Sometimes (Less than 50% of the time),Sometimes (Less than 50% of the time),Sometimes (Less than 50% of the time),Sometimes (Less than 50% of the time),"Yes, counseling and prescription drugs",Indifferent,"Maybe, I had symptoms but did not get tested",January 2021,
401,37,Female,White,"Bachelor's degree (e.g., BA, BS)",Democrat,,"Remote Education,Work from home","$160,000 to $199,999",Somewhat pessimistic,"Frequently (Every other day, 50% of the time or more)","Frequently (Every other day, 50% of the time or more)",Sometimes (Less than 50% of the time),Sometimes (Less than 50% of the time),"Yes, counseling and prescription drugs",Very pessimistic,No,March 2021,
336,58,Female,White,"Bachelor's degree (e.g., BA, BS)",Republican,,"Remote Education,Recently paused/terminated education to COVID-19 related reasons,Work from home","$40,000 to $79,999",Somewhat optimistic,Sometimes (Less than 50% of the time),Sometimes (Less than 50% of the time),"Frequently (Every other day, 50% of the time or more)",Sometimes (Less than 50% of the time),"Yes, counseling and prescription drugs",Somewhat pessimistic,"Yes, I tested positive",December 2020,
423,30,Male,"Hispanic/Latino,White",Some college credit,Democrat,,"Remote Education,Unemployed before COVID-19","$10,000 to $39,999",Indifferent,Sometimes (Less than 50% of the time),Rarely (Only a few times in the month),Sometimes (Less than 50% of the time),Sometimes (Less than 50% of the time),"No, but thinking about seeking such services in the near future",Indifferent,No,March 2021,
666,34,Female,White,"Bachelor's degree (e.g., BA, BS)",Democrat,,"Remote Education,Other","$40,000 to $79,999",Somewhat optimistic,Rarely (Only a few times in the month),Not at all,Sometimes (Less than 50% of the time),"Frequently (Every other day, 50% of the time or more)","No, but thinking about seeking such services in the near future",Somewhat optimistic,No,March 2021,
193,32,Male,White,Some college credit,Democrat,,Work from home,"$0 to $9,999",Very optimistic,Not at all,Not at all,Not at all,Not at all,"No, and not thinking about seeking such services in the near future",Very optimistic,No,January 2021,
115,25,Male,White,"Bachelor's degree (e.g., BA, BS)",Democrat,,"In-person Education,Recently paused/terminated education to COVID-19 related reasons,Non-remote working","$40,000 to $79,999",Somewhat pessimistic,Sometimes (Less than 50% of the time),Sometimes (Less than 50% of the time),Sometimes (Less than 50% of the time),"Frequently (Every other day, 50% of the time or more)","Yes, counseling and prescription drugs",Indifferent,"Yes, I tested positive",March 2021,
107,27,Male,White,"Bachelor's degree (e.g., BA, BS)",Democrat,,Work from home,"$10,000 to $39,999",Somewhat pessimistic,Sometimes (Less than 50% of the time),Sometimes (Less than 50% of the time),Sometimes (Less than 50% of the time),Sometimes (Less than 50% of the time),"No, and not thinking about seeking such services in the near future",Somewhat pessimistic,No,September 2021,
491,29,Male,White,High school diploma or GED,Republican,,Unemployed before COVID-19,"$10,000 to $39,999",Indifferent,Sometimes (Less than 50% of the time),Sometimes (Less than 50% of the time),Rarely (Only a few times in the month),Sometimes (Less than 50% of the time),"No, and not thinking about seeking such services in the near future",Indifferent,No,April 2021,
637,35,Male,Asian,"Bachelor's degree (e.g., BA, BS)",Democrat,,In-person Education,"$80,000 to $119,999",Somewhat pessimistic,Sometimes (Less than 50% of the time),"Frequently (Every other day, 50% of the time or more)",Constantly (Nearly every day or every day),"Frequently (Every other day, 50% of the time or more)","Yes, counseling and prescription drugs",Somewhat optimistic,"Yes, I tested positive",February 2021,
156,29,Male,White,"Bachelor's degree (e.g., BA, BS)",Democrat,,Work from home,"$10,000 to $39,999",Somewhat pessimistic,Sometimes (Less than 50% of the time),"Frequently (Every other day, 50% of the time or more)",Sometimes (Less than 50% of the time),Rarely (Only a few times in the month),"Yes, counseling and prescription drugs",Indifferent,"Maybe, I had symptoms but did not get tested",January 2021,
209,27,Male,White,"Bachelor's degree (e.g., BA, BS)",Republican,,Work from home,"$10,000 to $39,999",Somewhat optimistic,Constantly (Nearly every day or every day),"Frequently (Every other day, 50% of the time or more)","Frequently (Every other day, 50% of the time or more)",Sometimes (Less than 50% of the time),"No, but thinking about seeking such services in the near future",Somewhat optimistic,"Yes, I tested positive",December 2020,
153,29,Male,White,High school diploma or GED,Independent,,Work from home,"$40,000 to $79,999",Somewhat pessimistic,Rarely (Only a few times in the month),Rarely (Only a few times in the month),"Frequently (Every other day, 50% of the time or more)","Frequently (Every other day, 50% of the time or more)","No, and not thinking about seeking such services in the near future",Indifferent,No,April 2021,
218,53,Female,"Black/African American,White","Associate's degree (e.g., AA, AS)",Democrat,,"Remote Education,Unemployed before COVID-19,Other","$10,000 to $39,999",Somewhat optimistic,Rarely (Only a few times in the month),Sometimes (Less than 50% of the time),Not at all,Not at all,"No, and not thinking about seeking such services in the near future",Somewhat optimistic,No,June 2021,
259,31,Male,White,"Bachelor's degree (e.g., BA, BS)",Democrat,,Work from home,"$40,000 to $79,999",Somewhat optimistic,Rarely (Only a few times in the month),Sometimes (Less than 50% of the time),Rarely (Only a few times in the month),Sometimes (Less than 50% of the time),"No, and not thinking about seeking such services in the near future",Somewhat optimistic,No,February 2021,
147,46,Male,White,"Bachelor's degree (e.g., BA, BS)",Republican,,Work from home,"$40,000 to $79,999",Very pessimistic,Not at all,Not at all,Not at all,Not at all,"No, and not thinking about seeking such services in the near future",Somewhat optimistic,No,Some time in 2022 or later,
694,34,Male,White,"Bachelor's degree (e.g., BA, BS)",Democrat,,Work from home,"$10,000 to $39,999",Indifferent,Not at all,Rarely (Only a few times in the month),Not at all,Sometimes (Less than 50% of the time),"No, and not thinking about seeking such services in the near future",Somewhat pessimistic,No,January 2021,
87,56,Male,White,"Bachelor's degree (e.g., BA, BS)",Democrat,,Work from home,"$120,000 to $159,999",Somewhat optimistic,"Frequently (Every other day, 50% of the time or more)",Constantly (Nearly every day or every day),"Frequently (Every other day, 50% of the time or more)",Constantly (Nearly every day or every day),"Yes, counseling",Very optimistic,"Yes, I tested positive",December 2020,
136,33,Male,White,"Bachelor's degree (e.g., BA, BS)",Independent,,Work from home,"$40,000 to $79,999",Somewhat pessimistic,Sometimes (Less than 50% of the time),Rarely (Only a few times in the month),Sometimes (Less than 50% of the time),Sometimes (Less than 50% of the time),"Yes, prescription drugs",Somewhat pessimistic,"Yes, I tested positive",December 2020,
1373,73,Male,White,"Associate's degree (e.g., AA, AS)",Independent,,Work from home,"$10,000 to $39,999",Very optimistic,Rarely (Only a few times in the month),Not at all,Rarely (Only a few times in the month),Rarely (Only a few times in the month),"No, and not thinking about seeking such services in the near future",Somewhat optimistic,No,February 2021,
147,26,Male,White,"Bachelor's degree (e.g., BA, BS)",Democrat,,Work from home,"$10,000 to $39,999",Somewhat optimistic,Sometimes (Less than 50% of the time),Rarely (Only a few times in the month),Sometimes (Less than 50% of the time),Rarely (Only a few times in the month),"Yes, prescription drugs",Somewhat optimistic,No,April 2021,Very interested (2)
923,32,Male,Black/African American,"Bachelor's degree (e.g., BA, BS)",Republican,,Work from home,"$10,000 to $39,999",Somewhat pessimistic,Sometimes (Less than 50% of the time),Sometimes (Less than 50% of the time),Sometimes (Less than 50% of the time),Rarely (Only a few times in the month),"Yes, prescription drugs",Somewhat pessimistic,"Yes, I tested positive",February 2021,
143,48,Male,White,"Bachelor's degree (e.g., BA, BS)",Democrat,,Work from home,"$10,000 to $39,999",Very optimistic,Constantly (Nearly every day or every day),Sometimes (Less than 50% of the time),Constantly (Nearly every day or every day),Sometimes (Less than 50% of the time),"No, and not thinking about seeking such services in the near future",Very pessimistic,No,December 2020,
,,,,,,,,,,,,,,,,,,
,,,,,,,,,,,,,,,,,,
,,,,,,,,,,,,,,,,,,
,,,,,,,,,,,,,,,,,,
,,,,,,,,,,,,,,,,,,
,,,,,,,,,,,,,,,,,,Extremely interested (1)
,,,,,,,,,,,,,,,,,,
,,,,,,,,,,,,,,,,,,
,,,,,,,,,,,,,,,,,,Very interested (2)
,,,,,,,,,,,,,,,,,,
,,,,,,,,,,,,,,,,,,
,,,,,,,,,,,,,,,,,,Moderately interested (3)
,,,,,,,,,,,,,,,,,,
,,,,,,,,,,,,,,,,,,
,,,,,,,,,,,,,,,,,,
,,,,,,,,,,,,,,,,,,
,,,,,,,,,,,,,,,,,,
,,,,,,,,,,,,,,,,,,
,,,,,,,,,,,,,,,,,,
,,,,,,,,,,,,,,,,,,Extremely interested (1)
,,,,,,,,,,,,,,,,,,Very interested (2)
,,,,,,,,,,,,,,,,,,
,,,,,,,,,,,,,,,,,,
,,,,,,,,,,,,,,,,,,
,,,,,,,,,,,,,,,,,,
,,,,,,,,,,,,,,,,,,
,,,,,,,,,,,,,,,,,,
,,,,,,,,,,,,,,,,,,
,,,,,,,,,,,,,,,,,,Moderately interested (3)
,,,,,,,,,,,,,,,,,,
,,,,,,,,,,,,,,,,,,
,,,,,,,,,,,,,,,,,,
,,,,,,,,,,,,,,,,,,
,,,,,,,,,,,,,,,,,,Extremely interested (1)
,,,,,,,,,,,,,,,,,,
,,,,,,,,,,,,,,,,,,
,,,,,,,,,,,,,,,,,,
,,,,,,,,,,,,,,,,,,
,,,,,,,,,,,,,,,,,,
,,,,,,,,,,,,,,,,,,
,,,,,,,,,,,,,,,,,,Very interested (2)